taxa,SRR14660150,SRR14660161,SRR14660172,SRR14660183,SRR14660188,SRR14660189,SRR14660190,SRR14660191,SRR14660192,SRR14660193,SRR14660194,SRR14660195,SRR14660197,SRR14660198,SRR14660199,SRR14660200,SRR14660201,SRR14660202,SRR14660203,SRR14660204,SRR14660205,SRR14660206,SRR14660207,SRR14660208,SRR14660209,SRR14660210,SRR14660211,SRR14660212,SRR14660213,SRR14660214,SRR14660215,SRR14660217,SRR14660218,SRR14660219,SRR14660220,SRR14660221,SRR14660222,SRR14660223,SRR14660224,SRR14660226,SRR14660227,SRR14660228,SRR14660229,SRR14660230,SRR14660231,SRR14660232,SRR14660233,SRR14660234,SRR14660235,SRR14660238,SRR14660249,SRR14660250,SRR14660251
Archaea.Euryarchaeota.Methanobacteria.Methanobacteriales.Methanobacteriaceae.Methanobrevibacter.NA,0,0,0,0,289,1263,0,183,0,1540,0,0,0,396,0,0,0,0,0,0,0,0,1419,0,566,0,76,0,74,0,0,0,0,0,2595,160,177,0,1113,0,0,0,0,0,0,15,5,0,0,0,0,0,32
Archaea.Euryarchaeota.Methanobacteria.Methanobacteriales.Methanobacteriaceae.Methanosphaera.NA,0,0,0,0,0,0,0,0,0,0,0,0,0,0,0,0,0,0,0,0,0,0,0,0,0,0,35,0,0,0,0,0,0,0,0,0,0,0,0,0,0,0,0,0,0,0,0,0,0,0,0,0,0
Bacteria.Actinobacteriota.Actinobacteria.Actinomycetales.Actinomycetaceae.Actinomyces.massiliensis,0,0,0,0,0,0,0,0,0,0,0,0,0,0,0,0,0,0,0,0,0,0,0,0,0,0,0,0,0,0,0,0,0,0,0,0,0,2,0,0,0,0,0,0,0,0,0,0,0,0,0,0,0
Bacteria.Actinobacteriota.Actinobacteria.Actinomycetales.Actinomycetaceae.Actinomyces.NA,0,18,0,12,7,7,8,9,0,0,6,9,4,16,4,0,10,0,0,5,11,4,0,0,0,0,0,5,0,0,0,14,8,0,14,3,10,0,8,0,0,6,0,0,157,10,50,0,9,0,0,0,34
Bacteria.Actinobacteriota.Actinobacteria.Bifidobacteriales.Bifidobacteriaceae.Alloscardovia.omnicolens,0,0,0,0,0,0,0,0,0,0,0,0,0,0,0,0,0,0,0,0,0,0,0,0,0,0,0,0,0,0,0,0,0,0,0,0,0,0,0,0,0,0,0,0,0,0,0,0,0,0,0,0,5
Bacteria.Actinobacteriota.Actinobacteria.Bifidobacteriales.Bifidobacteriaceae.Bifidobacterium.adolescentis,0,0,0,0,0,0,0,0,0,0,0,0,0,0,0,0,0,0,0,0,0,0,0,0,0,0,0,0,0,0,0,0,0,0,0,0,292,0,0,0,0,0,0,0,0,0,0,0,0,0,0,0,0
Bacteria.Actinobacteriota.Actinobacteria.Bifidobacteriales.Bifidobacteriaceae.Bifidobacterium.angulatum,0,0,0,0,0,0,0,0,0,0,0,0,0,0,0,0,0,0,0,0,0,0,0,675,0,0,0,0,0,0,0,0,0,0,0,0,0,0,0,0,0,0,0,0,0,0,0,0,0,0,0,0,0
Bacteria.Actinobacteriota.Actinobacteria.Bifidobacteriales.Bifidobacteriaceae.Bifidobacterium.animalis,25,0,61,1830,0,0,0,0,0,0,0,0,0,0,0,0,0,0,0,0,0,0,0,0,0,0,0,0,0,0,0,102,0,0,0,0,0,0,11,82,0,0,0,0,0,0,0,0,0,0,0,0,0
Bacteria.Actinobacteriota.Actinobacteria.Bifidobacteriales.Bifidobacteriaceae.Bifidobacterium.bifidum,0,0,0,0,0,0,0,0,0,0,0,0,0,0,114,0,184,0,0,0,0,0,621,0,0,0,60,0,0,0,92,0,0,1077,1045,0,0,0,579,0,0,0,0,0,0,0,0,0,0,0,0,0,0
Bacteria.Actinobacteriota.Actinobacteria.Bifidobacteriales.Bifidobacteriaceae.Bifidobacterium.breve,0,0,0,0,0,0,0,0,0,0,0,0,0,0,0,0,0,0,0,0,0,0,24,0,0,0,0,0,0,0,0,0,0,0,0,0,0,0,0,0,0,0,0,0,0,0,0,0,0,0,0,0,0
Bacteria.Actinobacteriota.Actinobacteria.Bifidobacteriales.Bifidobacteriaceae.Bifidobacterium.dentium,0,0,0,0,0,0,0,0,0,0,0,0,0,0,0,0,0,0,0,0,0,0,0,0,0,0,0,0,0,0,0,47,0,0,0,0,0,0,0,0,0,0,0,0,0,0,92,0,0,0,0,0,0
Bacteria.Actinobacteriota.Actinobacteria.Bifidobacteriales.Bifidobacteriaceae.Bifidobacterium.longum,1062,226,0,774,0,0,0,222,0,0,0,961,0,1665,188,731,0,26,487,0,0,0,509,147,496,0,0,258,0,209,205,2567,480,219,1065,0,0,214,314,1459,0,0,0,0,0,0,25,617,1775,96,0,57,651
Bacteria.Actinobacteriota.Actinobacteria.Bifidobacteriales.Bifidobacteriaceae.Bifidobacterium.NA,1924,903,0,1007,35,0,0,1513,0,0,0,2,0,1052,729,1917,1409,0,708,0,0,0,263,2057,2364,0,252,670,80,268,1258,0,0,4457,6105,672,78,201,2276,445,0,0,0,0,0,0,112,3,0,1281,0,0,3729
Bacteria.Actinobacteriota.Actinobacteria.Bifidobacteriales.Bifidobacteriaceae.NA.NA,0,0,0,0,0,0,0,0,0,0,0,0,0,0,0,0,0,0,0,0,0,0,0,2,0,0,0,0,0,0,0,0,0,0,0,0,0,0,0,0,0,0,0,0,0,0,0,0,0,0,0,0,0
Bacteria.Actinobacteriota.Actinobacteria.Bifidobacteriales.Bifidobacteriaceae.Pseudoscardovia.NA,0,0,0,0,0,0,0,0,0,0,0,0,0,0,0,0,0,0,0,0,0,0,0,0,0,0,0,0,0,0,0,0,0,0,2,0,0,0,0,0,0,0,0,0,0,0,0,0,0,0,0,0,0
Bacteria.Actinobacteriota.Actinobacteria.Corynebacteriales.Corynebacteriaceae.Corynebacterium.argentoratense,13,0,0,0,0,0,0,0,0,0,0,0,0,0,0,0,0,0,0,0,0,0,0,0,0,0,0,0,0,0,0,0,0,0,0,0,0,0,0,0,0,0,0,0,0,0,0,0,0,0,0,0,0
Bacteria.Actinobacteriota.Actinobacteria.Corynebacteriales.Corynebacteriaceae.Corynebacterium.durum,0,8,0,0,0,0,0,0,0,0,0,0,0,0,0,0,0,0,0,0,0,0,0,0,0,0,0,0,0,0,0,0,0,0,0,0,0,0,0,0,0,0,0,0,5,0,0,0,0,0,0,0,0
Bacteria.Actinobacteriota.Actinobacteria.Micrococcales.Micrococcaceae.Paenarthrobacter.NA,0,0,0,0,2,0,0,0,0,0,0,0,0,0,0,0,0,0,0,0,0,0,0,0,0,0,0,0,0,0,0,0,0,0,0,0,0,0,0,0,0,0,0,0,0,0,0,0,0,0,0,0,0
Bacteria.Actinobacteriota.Actinobacteria.Micrococcales.Micrococcaceae.Rothia.dentocariosa,0,0,0,0,0,0,0,0,0,0,0,0,0,0,0,0,0,0,0,0,0,0,0,0,0,3,0,0,0,0,0,0,0,0,0,0,0,0,0,0,0,0,0,0,0,0,0,0,0,0,0,0,0
Bacteria.Actinobacteriota.Actinobacteria.Micrococcales.Micrococcaceae.Rothia.mucilaginosa,0,0,0,0,0,0,0,0,0,0,0,0,0,0,0,0,0,0,0,0,0,0,0,0,0,0,0,0,0,0,0,0,0,0,0,0,0,0,0,0,0,0,0,0,18,0,0,0,0,0,0,0,0
Bacteria.Actinobacteriota.Actinobacteria.Micrococcales.Micrococcaceae.Rothia.NA,0,0,0,0,0,0,0,0,0,0,0,0,0,0,0,0,0,0,0,0,4,0,0,0,0,0,0,0,0,0,0,0,0,0,0,0,0,0,0,0,0,0,0,0,0,0,0,0,0,0,0,0,0
Bacteria.Actinobacteriota.Actinobacteria.Micrococcales.NA.NA.NA,0,0,0,0,0,0,0,0,0,0,0,0,0,0,0,0,0,0,0,0,0,0,0,0,0,0,0,0,0,0,0,0,2,0,0,0,0,0,0,0,0,0,0,0,0,0,0,0,0,0,0,0,0
Bacteria.Actinobacteriota.Coriobacteriia.Coriobacteriales.Atopobiaceae.Atopobium.parvulum,0,0,0,0,0,0,0,0,0,0,0,0,0,0,0,0,0,0,0,0,0,0,0,0,0,0,0,0,0,0,0,0,0,0,0,0,0,0,0,0,0,0,0,0,0,0,0,0,0,0,0,0,12
Bacteria.Actinobacteriota.Coriobacteriia.Coriobacteriales.Atopobiaceae.Coriobacteriaceae_UCG-002.NA,0,0,0,0,0,29,0,0,0,0,0,0,0,0,0,0,0,0,0,0,0,0,0,0,0,0,0,0,0,0,0,0,0,0,0,0,0,0,0,0,0,0,0,0,0,0,0,0,0,0,0,0,0
Bacteria.Actinobacteriota.Coriobacteriia.Coriobacteriales.Atopobiaceae.Olsenella.NA,0,0,0,0,0,0,0,0,0,10,0,0,0,0,0,0,0,0,0,0,0,0,0,0,0,0,0,0,0,0,0,0,0,0,0,0,0,0,0,0,0,0,0,0,0,0,0,0,0,0,0,0,0
Bacteria.Actinobacteriota.Coriobacteriia.Coriobacteriales.Coriobacteriaceae.Collinsella.aerofaciens,0,0,0,0,299,1006,151,274,218,1986,1027,0,856,0,237,794,0,433,0,117,776,365,0,477,3,19,694,288,0,93,387,0,0,0,2190,145,830,284,774,1261,1109,0,0,0,0,838,1561,1354,925,325,1342,0,2141
Bacteria.Actinobacteriota.Coriobacteriia.Coriobacteriales.Coriobacteriaceae.Collinsella.bouchesdurhonensis,0,0,0,0,0,0,0,0,0,0,0,0,0,0,0,0,0,0,0,0,0,0,0,0,0,0,98,0,0,0,0,0,0,0,0,0,0,0,0,0,0,0,0,0,0,0,0,0,0,0,0,0,0
Bacteria.Actinobacteriota.Coriobacteriia.Coriobacteriales.Coriobacteriaceae.Collinsella.NA,0,662,297,0,237,12,0,13,0,0,0,0,31,0,14,0,0,3,130,0,0,0,0,0,0,0,0,0,0,0,0,0,0,0,0,0,682,0,0,56,31,0,0,0,518,0,0,0,0,0,0,0,0
Bacteria.Actinobacteriota.Coriobacteriia.Coriobacteriales.Coriobacteriaceae.Collinsella.phocaeensis,0,101,0,0,0,0,0,0,0,0,0,0,0,0,0,0,0,0,0,0,0,0,0,0,0,0,0,0,0,0,0,0,0,0,0,0,0,0,0,0,0,0,0,0,0,65,0,0,0,0,0,0,0
Bacteria.Actinobacteriota.Coriobacteriia.Coriobacteriales.Coriobacteriaceae.Collinsella.tanakaei,0,0,0,0,0,0,0,0,0,0,0,0,0,0,0,0,0,0,0,0,0,0,0,0,0,0,0,0,0,0,0,0,0,710,0,0,345,0,0,0,0,0,0,0,0,0,0,0,0,0,0,0,3
Bacteria.Actinobacteriota.Coriobacteriia.Coriobacteriales.Coriobacteriaceae.NA.NA,0,0,0,0,0,0,0,0,0,0,0,0,0,0,0,0,0,0,0,0,0,0,0,6,0,0,0,0,0,0,0,0,0,0,0,0,0,0,0,0,0,0,0,0,0,0,0,0,0,0,0,0,2
Bacteria.Actinobacteriota.Coriobacteriia.Coriobacteriales.Coriobacteriales_Incertae_Sedis.NA.NA,0,115,24,0,24,1501,12,503,871,230,37,45,166,309,89,107,0,3,0,913,52,42,64,4,114,0,15,86,0,130,43,0,0,55,0,84,29,48,16,47,896,30,0,0,0,235,0,0,0,0,110,0,246
Bacteria.Actinobacteriota.Coriobacteriia.Coriobacteriales.Coriobacteriales_Incertae_Sedis.Raoultibacter.massiliensis,0,0,0,0,0,0,0,0,0,0,0,0,0,0,0,0,0,0,0,0,0,0,0,0,0,0,0,0,0,0,0,0,0,5,0,0,0,0,0,0,0,0,0,0,0,0,0,0,0,0,0,0,0
Bacteria.Actinobacteriota.Coriobacteriia.Coriobacteriales.Coriobacteriales_Incertae_Sedis.Raoultibacter.timonensis,0,0,0,0,0,0,0,0,0,0,0,0,0,0,0,0,0,0,0,0,0,0,0,0,0,0,0,0,0,0,4,0,0,0,0,0,4,0,0,0,0,0,0,0,0,8,0,0,0,0,0,0,0
Bacteria.Actinobacteriota.Coriobacteriia.Coriobacteriales.Eggerthellaceae.Adlercreutzia.equolifaciens,947,314,152,68,0,0,0,60,0,34,0,106,131,25,0,0,112,0,0,41,152,318,36,0,0,0,9,56,2,0,0,16,48,0,0,12,0,0,0,22,76,0,0,0,0,0,0,115,69,0,62,0,0
Bacteria.Actinobacteriota.Coriobacteriia.Coriobacteriales.Eggerthellaceae.Adlercreutzia.NA,238,121,72,24,28,275,34,83,225,37,132,131,174,87,53,22,90,11,0,358,316,104,78,26,29,0,0,0,0,37,55,0,15,57,21,11,119,45,112,66,125,0,0,175,0,190,0,192,218,0,108,0,202
Bacteria.Actinobacteriota.Coriobacteriia.Coriobacteriales.Eggerthellaceae.DNF00809.NA,10,18,0,0,0,6,0,16,0,7,12,0,10,0,10,0,0,0,0,8,52,6,0,15,0,0,0,11,0,0,0,0,6,5,28,0,15,0,0,0,0,0,0,0,0,19,0,85,12,0,14,0,0
Bacteria.Actinobacteriota.Coriobacteriia.Coriobacteriales.Eggerthellaceae.Eggerthella.lenta,186,94,50,318,0,15,0,0,0,27,146,9,27,0,0,0,45,0,22,55,91,5,13,0,23,42,0,0,0,0,0,70,23,0,0,12,4,11,0,9,0,78,14,60,223,104,282,309,30,37,224,106,8
Bacteria.Actinobacteriota.Coriobacteriia.Coriobacteriales.Eggerthellaceae.Enterorhabdus.NA,0,0,0,0,0,0,0,0,0,0,0,0,0,0,0,0,0,31,0,7,0,0,0,33,0,0,49,0,0,0,0,0,0,0,0,0,0,51,0,0,122,0,0,0,0,0,0,0,0,0,0,0,0
Bacteria.Actinobacteriota.Coriobacteriia.Coriobacteriales.Eggerthellaceae.Enteroscipio.NA,0,0,7,0,0,0,0,0,0,0,0,0,0,0,0,0,0,0,0,0,0,0,0,0,0,0,0,0,0,0,0,0,0,0,0,0,0,0,0,0,0,0,0,0,0,0,0,0,0,0,0,0,0
Bacteria.Actinobacteriota.Coriobacteriia.Coriobacteriales.Eggerthellaceae.Gordonibacter.faecihominis,0,25,0,0,0,0,0,0,0,0,0,0,0,0,0,0,0,0,0,0,0,0,0,0,0,0,0,0,0,0,0,0,0,0,0,0,0,0,0,0,0,0,0,0,0,20,0,0,32,0,0,0,0
Bacteria.Actinobacteriota.Coriobacteriia.Coriobacteriales.Eggerthellaceae.Gordonibacter.NA,100,0,0,0,0,0,0,0,0,0,0,0,0,0,0,0,0,0,0,0,0,0,0,0,17,0,0,0,0,0,0,0,0,0,18,0,0,0,0,0,0,0,0,0,5,0,0,18,43,0,20,0,0
Bacteria.Actinobacteriota.Coriobacteriia.Coriobacteriales.Eggerthellaceae.Gordonibacter.pamelaeae,0,0,151,41,0,118,25,8,22,0,0,0,41,0,21,9,0,0,0,15,135,8,40,0,0,9,0,12,0,0,0,0,23,26,0,24,0,0,0,0,0,19,5,0,210,24,0,81,32,0,20,0,0
Bacteria.Actinobacteriota.Coriobacteriia.Coriobacteriales.Eggerthellaceae.Gordonibacter.urolithinfaciens,0,0,0,17,0,0,0,0,0,0,0,14,0,5,0,0,0,0,0,0,0,19,0,0,0,0,0,0,0,12,0,0,0,0,0,0,17,0,0,0,0,10,0,8,0,0,0,10,0,10,0,3,17
Bacteria.Actinobacteriota.Coriobacteriia.Coriobacteriales.Eggerthellaceae.NA.NA,0,0,0,0,0,0,475,0,0,0,0,0,0,2,2,0,0,15,0,0,1205,0,8,55,0,0,75,0,0,0,0,0,0,0,0,0,218,0,732,0,0,0,0,0,0,0,0,164,0,0,0,0,0
Bacteria.Actinobacteriota.Coriobacteriia.Coriobacteriales.Eggerthellaceae.Senegalimassilia.anaerobia,0,0,0,0,0,0,0,0,0,0,0,168,0,0,0,0,0,0,0,0,0,0,0,0,0,0,0,0,0,0,0,0,0,0,0,0,0,0,0,0,0,0,0,0,0,0,0,0,0,0,0,0,0
Bacteria.Actinobacteriota.Coriobacteriia.Coriobacteriales.Eggerthellaceae.Senegalimassilia.NA,0,0,0,0,213,0,505,0,611,0,0,201,0,0,0,0,0,86,0,0,0,0,0,34,0,0,79,0,0,0,0,0,0,0,0,229,226,0,0,0,0,0,0,0,0,0,0,0,0,383,0,0,0
Bacteria.Actinobacteriota.Coriobacteriia.Coriobacteriales.Eggerthellaceae.Slackia.isoflavoniconvertens,0,0,0,0,7,0,0,0,0,0,0,0,0,0,0,140,0,65,0,0,0,190,0,0,0,0,68,0,0,0,0,0,0,0,0,131,0,0,126,86,692,0,0,0,0,0,0,0,0,0,0,0,195
Bacteria.Actinobacteriota.Coriobacteriia.Coriobacteriales.Eggerthellaceae.Slackia.NA,0,0,0,0,0,0,0,0,0,0,0,0,372,0,26,0,0,15,0,0,0,0,0,0,0,0,0,0,0,0,0,0,0,65,39,0,0,0,0,0,198,0,0,0,0,0,0,0,0,0,0,0,6
Bacteria.Actinobacteriota.Coriobacteriia.Coriobacteriales.NA.NA.NA,0,0,0,0,22,0,0,0,0,45,0,5,0,0,0,15,0,0,0,65,3,3,0,0,0,0,10,0,0,0,12,0,0,0,19,0,5,3,112,32,13,0,0,0,0,33,0,93,0,0,0,0,0
Bacteria.Bacteroidota.Bacteroidia.Bacteroidales.Bacteroidaceae.Bacteroides.caccae,488,1015,0,0,0,0,140,464,155,603,639,0,196,356,345,458,1777,0,313,561,0,163,0,29,365,0,111,508,92,474,176,0,0,77,454,0,145,957,125,276,0,0,2143,0,5826,0,0,131,770,0,351,0,0
Bacteria.Bacteroidota.Bacteroidia.Bacteroidales.Bacteroidaceae.Bacteroides.clarus,0,0,0,0,321,0,0,0,90,0,0,0,0,0,0,0,0,0,0,0,0,181,0,0,0,0,0,0,0,0,0,0,0,0,0,0,0,0,0,0,0,0,0,0,0,0,0,0,0,0,0,0,0
Bacteria.Bacteroidota.Bacteroidia.Bacteroidales.Bacteroidaceae.Bacteroides.coprocola,0,0,0,0,237,0,0,0,0,0,0,0,0,0,0,0,0,0,0,0,695,0,0,0,0,0,0,0,0,871,0,0,0,0,0,0,0,0,270,0,0,0,0,0,0,0,0,0,0,0,0,0,0
Bacteria.Bacteroidota.Bacteroidia.Bacteroidales.Bacteroidaceae.Bacteroides.cutis,0,0,0,0,95,0,0,0,0,0,0,0,0,0,0,0,0,0,0,0,0,0,0,0,0,0,0,0,0,0,0,0,0,0,0,0,0,0,0,0,0,0,0,0,0,0,0,0,0,0,0,0,0
Bacteria.Bacteroidota.Bacteroidia.Bacteroidales.Bacteroidaceae.Bacteroides.eggerthii,0,0,0,0,0,0,0,0,0,0,440,0,0,1673,0,0,0,90,0,9784,0,0,0,0,0,0,0,0,0,0,0,0,0,0,0,0,0,0,868,0,0,0,0,0,185,0,0,0,0,0,0,0,0
Bacteria.Bacteroidota.Bacteroidia.Bacteroidales.Bacteroidaceae.Bacteroides.faecichinchillae,0,0,0,0,0,0,0,0,0,0,0,0,0,0,0,0,0,0,0,0,0,0,0,0,0,0,0,26,0,0,0,0,0,0,0,0,0,0,0,0,0,0,0,0,0,0,0,0,0,0,0,0,0
Bacteria.Bacteroidota.Bacteroidia.Bacteroidales.Bacteroidaceae.Bacteroides.faecis,0,0,0,0,0,0,0,0,0,0,0,171,0,0,0,0,0,0,0,0,0,0,0,0,0,0,0,0,0,0,0,0,0,0,0,0,0,0,0,0,0,0,0,0,0,0,0,0,0,0,0,0,0
Bacteria.Bacteroidota.Bacteroidia.Bacteroidales.Bacteroidaceae.Bacteroides.finegoldii,0,0,0,0,0,0,0,0,0,0,0,0,0,0,197,0,0,59,0,0,0,0,368,34,0,231,0,36,43,0,0,259,201,0,0,0,43,0,0,0,0,0,0,0,0,0,0,0,0,0,0,0,0
Bacteria.Bacteroidota.Bacteroidia.Bacteroidales.Bacteroidaceae.Bacteroides.fluxus,0,0,0,0,0,0,0,0,0,0,0,0,0,0,0,0,0,0,0,0,0,0,0,0,0,0,0,0,0,0,0,2521,0,0,0,0,0,0,0,0,0,0,0,0,0,0,0,0,0,0,0,0,0
Bacteria.Bacteroidota.Bacteroidia.Bacteroidales.Bacteroidaceae.Bacteroides.fragilis,0,0,310,718,0,0,0,0,792,904,0,126,0,0,0,219,58,0,0,0,0,0,0,172,173,0,0,696,0,0,299,0,0,0,0,40,18,0,0,0,0,71,0,0,0,88,56,184,543,185,0,940,0
Bacteria.Bacteroidota.Bacteroidia.Bacteroidales.Bacteroidaceae.Bacteroides.intestinalis,0,852,0,0,0,10,0,0,236,0,0,0,0,0,0,0,0,0,0,0,0,0,0,0,0,0,0,0,0,288,0,0,0,0,0,0,0,0,0,0,0,0,0,0,0,251,0,0,0,0,0,0,0
Bacteria.Bacteroidota.Bacteroidia.Bacteroidales.Bacteroidaceae.Bacteroides.massiliensis,0,767,0,0,334,16,1741,0,0,0,375,0,0,0,0,0,0,964,0,401,99,0,0,0,0,0,876,0,183,0,0,0,0,0,32,884,0,2031,189,0,0,0,0,2826,50,0,0,0,0,0,0,0,180
Bacteria.Bacteroidota.Bacteroidia.Bacteroidales.Bacteroidaceae.Bacteroides.NA,2141,5146,4546,1804,2533,1343,5535,5325,3334,1191,3312,7267,1449,819,8549,13059,4307,951,4599,2013,2123,6137,5361,3545,4674,6314,1643,4999,348,1043,1027,3795,9461,281,2171,2618,700,6619,170,1974,1580,726,3450,8161,25,4669,901,2762,497,4566,3987,4549,1560
Bacteria.Bacteroidota.Bacteroidia.Bacteroidales.Bacteroidaceae.Bacteroides.nordii,0,451,0,0,0,19,0,26,527,420,36,0,0,0,0,0,0,0,67,0,0,0,0,0,0,0,0,0,0,0,0,0,0,0,0,0,0,0,0,0,0,0,0,0,0,0,0,0,0,0,0,0,0
Bacteria.Bacteroidota.Bacteroidia.Bacteroidales.Bacteroidaceae.Bacteroides.ovatus,404,199,0,0,0,42,0,0,0,0,152,0,0,0,48,141,2385,0,578,0,328,0,0,45,2273,0,0,148,0,335,0,0,0,0,0,135,22,248,44,126,0,0,394,0,0,95,0,0,0,0,0,0,16
Bacteria.Bacteroidota.Bacteroidia.Bacteroidales.Bacteroidaceae.Bacteroides.plebeius,0,0,0,0,0,0,0,0,0,0,0,0,0,0,0,0,0,618,7549,0,0,0,0,0,0,0,0,0,0,0,0,0,0,0,0,0,0,0,0,0,0,0,0,0,0,0,0,0,0,0,0,0,0
Bacteria.Bacteroidota.Bacteroidia.Bacteroidales.Bacteroidaceae.Bacteroides.salyersiae,127,0,0,0,0,0,0,0,0,0,0,0,0,226,0,151,0,0,0,0,234,0,0,0,0,0,0,0,0,60,0,0,0,0,0,0,0,0,0,0,0,0,0,0,0,0,0,0,0,0,0,0,0
Bacteria.Bacteroidota.Bacteroidia.Bacteroidales.Bacteroidaceae.Bacteroides.sartorii,0,0,0,0,0,0,0,0,0,0,0,0,0,0,0,0,0,0,0,0,0,0,0,0,0,0,0,0,0,0,0,0,0,0,0,0,0,0,0,0,0,0,0,0,0,27,0,0,0,0,0,0,0
Bacteria.Bacteroidota.Bacteroidia.Bacteroidales.Bacteroidaceae.Bacteroides.stercoris,0,0,0,0,0,0,0,0,0,0,0,0,0,0,5122,0,0,295,0,0,0,0,0,3051,0,0,303,973,52,0,637,0,0,0,80,0,121,0,0,6137,0,0,0,0,0,46,0,0,0,1261,454,0,0
Bacteria.Bacteroidota.Bacteroidia.Bacteroidales.Bacteroidaceae.Bacteroides.thetaiotaomicron,316,155,0,0,12,0,151,268,170,468,0,0,0,0,0,55,0,225,411,648,809,32,794,13,1309,1229,23,37,76,1453,0,0,0,0,52,117,0,682,25,462,234,875,0,0,105,223,0,0,3825,326,124,0,0
Bacteria.Bacteroidota.Bacteroidia.Bacteroidales.Bacteroidaceae.Bacteroides.uniformis,2135,3819,1194,1570,266,1133,636,3386,2695,4732,2086,4313,4651,2257,709,434,2044,610,7239,2080,300,1571,1451,317,0,5676,413,397,682,1409,1603,0,0,289,449,2380,821,4641,119,4514,1131,4682,3671,2956,96,0,192,1787,0,1350,2850,7611,1407
Bacteria.Bacteroidota.Bacteroidia.Bacteroidales.Bacteroidaceae.Bacteroides.vulgatus,5079,1790,0,2076,1648,518,1975,2308,275,0,2186,2891,626,671,4504,4714,7507,1554,4282,34,71,7305,1194,311,0,1815,1186,0,1004,3415,5292,25825,668,1540,943,0,475,0,619,892,3095,8752,10312,9293,6283,1060,655,0,0,13141,1073,5377,372
Bacteria.Bacteroidota.Bacteroidia.Bacteroidales.Barnesiellaceae.Barnesiella.intestinihominis,0,0,0,0,60,0,0,0,0,0,0,0,0,0,0,0,0,0,0,0,0,0,0,0,0,0,0,0,0,0,0,0,0,0,0,1485,0,0,0,0,152,0,0,0,0,0,0,0,0,0,0,0,0
Bacteria.Bacteroidota.Bacteroidia.Bacteroidales.Barnesiellaceae.Barnesiella.NA,0,0,0,0,88,0,1023,0,0,0,0,0,773,0,522,0,0,55,0,1274,0,2504,0,2288,0,1260,295,1118,138,662,0,0,4033,1402,493,0,455,1192,186,0,38,0,0,0,0,0,0,153,0,0,0,0,0
Bacteria.Bacteroidota.Bacteroidia.Bacteroidales.Barnesiellaceae.Coprobacter.NA,0,0,0,0,29,0,0,0,138,0,0,0,0,0,0,0,0,23,0,336,0,0,0,451,148,0,94,253,18,0,10,0,0,0,12,0,139,86,0,0,0,0,0,0,34,0,0,0,0,0,16,0,0
Bacteria.Bacteroidota.Bacteroidia.Bacteroidales.Barnesiellaceae.Coprobacter.secundus,0,0,0,0,13,0,0,0,0,0,0,0,0,0,0,0,0,5,0,0,0,0,0,0,0,0,0,0,0,0,15,0,0,0,0,0,0,0,0,0,0,0,0,0,0,0,0,0,0,0,0,0,0
Bacteria.Bacteroidota.Bacteroidia.Bacteroidales.Barnesiellaceae.NA.NA,0,0,0,0,0,52,0,0,204,0,0,44,0,0,0,0,0,0,0,0,2792,0,0,15,691,0,0,0,0,0,0,0,0,0,0,8,0,0,0,0,0,0,0,0,0,0,0,0,474,0,279,0,0
Bacteria.Bacteroidota.Bacteroidia.Bacteroidales.Marinifilaceae.Butyricimonas.NA,0,0,0,0,85,60,0,0,0,0,219,0,0,0,0,0,0,29,0,131,0,323,0,175,13,0,11,184,34,0,4,0,0,0,33,49,16,0,0,134,0,0,0,0,0,190,0,117,0,0,0,0,0
Bacteria.Bacteroidota.Bacteroidia.Bacteroidales.Marinifilaceae.Butyricimonas.virosa,0,0,0,0,0,0,0,0,0,0,0,0,0,0,0,0,0,218,0,0,0,0,0,0,0,0,26,0,0,0,0,0,0,0,0,0,0,0,0,0,62,0,0,0,0,0,0,0,0,0,0,0,0
Bacteria.Bacteroidota.Bacteroidia.Bacteroidales.Marinifilaceae.Odoribacter.NA,0,0,0,0,0,0,0,0,395,0,61,0,48,0,0,36,0,0,0,54,0,1,0,0,0,31,0,0,62,0,22,0,0,0,0,0,0,38,0,0,0,0,0,0,0,165,0,0,0,0,0,0,0
Bacteria.Bacteroidota.Bacteroidia.Bacteroidales.Marinifilaceae.Odoribacter.splanchnicus,0,121,0,0,96,116,680,210,917,434,67,0,374,0,270,37,171,102,0,131,63,144,0,208,242,0,326,63,114,187,123,0,0,45,29,532,16,243,15,222,104,0,316,0,0,69,0,0,0,0,64,0,17
Bacteria.Bacteroidota.Bacteroidia.Bacteroidales.Muribaculaceae.CAG-873.NA,0,971,0,0,0,0,0,0,0,0,0,0,0,0,0,0,0,0,0,0,0,0,0,0,0,0,0,0,0,0,0,0,0,0,0,0,0,0,0,0,0,0,0,0,0,0,0,0,0,0,0,0,0
Bacteria.Bacteroidota.Bacteroidia.Bacteroidales.Muribaculaceae.NA.NA,0,0,0,0,111,0,0,0,0,0,0,0,0,0,0,0,0,0,0,247,0,0,0,0,0,0,0,966,40,0,0,0,0,0,0,0,0,0,272,0,1072,0,0,0,0,93,0,0,0,0,0,8,0
Bacteria.Bacteroidota.Bacteroidia.Bacteroidales.NA.NA.NA,2,0,8,0,3,0,0,2,2,2,4,0,0,4,0,0,0,1009,0,2,0,0,0,2,0,0,3,0,27,0,2,0,2,0,0,0,0,0,25,0,178,2,0,0,2,2,0,0,0,0,0,15,0
Bacteria.Bacteroidota.Bacteroidia.Bacteroidales.Porphyromonadaceae.NA.NA,0,0,0,0,0,0,0,0,0,0,0,2,0,0,0,0,0,0,0,0,0,0,0,0,0,0,0,0,0,0,0,0,0,0,0,0,0,0,0,0,0,0,0,0,0,0,0,0,0,0,0,0,0
Bacteria.Bacteroidota.Bacteroidia.Bacteroidales.Porphyromonadaceae.Porphyromonas.asaccharolytica,0,0,0,0,0,0,0,0,0,0,0,0,0,0,0,0,0,0,0,0,0,0,0,0,0,0,0,0,0,0,0,0,0,0,0,0,0,0,0,0,0,0,0,0,12,0,0,0,0,0,0,0,0
Bacteria.Bacteroidota.Bacteroidia.Bacteroidales.Porphyromonadaceae.Porphyromonas.NA,9,0,24,0,0,0,0,0,0,0,0,0,0,0,0,0,0,0,0,0,0,0,173,0,0,0,0,0,0,0,0,0,0,0,15,0,0,0,0,0,0,0,0,0,5,0,0,6,0,0,0,0,0
Bacteria.Bacteroidota.Bacteroidia.Bacteroidales.Porphyromonadaceae.Porphyromonas.somerae,0,0,0,0,0,0,0,0,0,0,0,0,0,0,0,0,0,0,0,0,0,0,0,0,0,0,0,0,0,0,0,0,0,0,0,0,0,0,0,0,0,0,0,0,0,0,0,2,0,0,0,0,0
Bacteria.Bacteroidota.Bacteroidia.Bacteroidales.Prevotellaceae.Alloprevotella.NA,0,0,0,0,437,225,0,0,0,0,0,0,0,0,0,0,0,2870,0,0,0,0,0,0,0,0,0,0,0,0,0,0,0,0,0,0,0,0,0,0,0,0,0,0,0,51,0,0,0,0,0,0,0
Bacteria.Bacteroidota.Bacteroidia.Bacteroidales.Prevotellaceae.NA.NA,0,0,0,0,0,0,0,0,3,0,0,0,2,0,0,0,0,368,0,0,0,0,0,0,0,0,0,0,386,0,0,0,0,0,0,0,0,0,0,0,425,0,0,0,0,42,0,0,0,0,0,0,6
Bacteria.Bacteroidota.Bacteroidia.Bacteroidales.Prevotellaceae.Paraprevotella.NA,0,0,0,0,838,280,2892,0,0,0,309,0,0,0,0,0,0,206,0,0,2499,0,0,0,0,144,937,0,106,0,0,0,0,0,0,0,0,0,0,0,0,0,0,0,0,856,0,3,0,0,0,0,0
Bacteria.Bacteroidota.Bacteroidia.Bacteroidales.Prevotellaceae.Paraprevotella.xylaniphila,0,0,0,0,0,0,0,0,0,0,0,0,0,0,0,0,0,0,0,0,0,0,0,0,0,2989,0,0,0,0,0,0,0,0,0,0,0,0,0,0,0,0,0,0,0,0,0,0,0,0,0,0,0
Bacteria.Bacteroidota.Bacteroidia.Bacteroidales.Prevotellaceae.Prevotella.buccalis,0,0,0,0,0,0,0,0,0,0,0,0,0,0,0,0,0,0,0,0,0,0,0,0,0,0,0,0,0,0,0,0,0,0,0,0,0,0,0,0,0,0,0,0,40,0,0,0,0,0,0,0,0
Bacteria.Bacteroidota.Bacteroidia.Bacteroidales.Prevotellaceae.Prevotella.copri,0,0,0,0,381,216,0,0,0,0,0,0,0,0,0,0,0,0,0,0,0,0,0,0,0,0,1664,0,57,370,0,0,0,0,0,0,0,0,0,0,0,0,0,0,0,166,0,0,0,0,0,0,0
Bacteria.Bacteroidota.Bacteroidia.Bacteroidales.Prevotellaceae.Prevotella.corporis,0,0,0,0,0,0,0,0,0,0,0,0,0,0,0,0,0,0,0,0,0,0,0,0,0,0,0,0,0,0,0,0,0,0,0,0,0,0,0,0,0,0,0,0,0,0,0,0,8,0,0,0,0
Bacteria.Bacteroidota.Bacteroidia.Bacteroidales.Prevotellaceae.Prevotella.NA,0,0,47,3,2011,562,0,0,3284,0,0,0,314,0,2,0,0,9338,0,9,0,0,1793,0,25,0,6556,0,2168,13924,7240,0,0,4007,0,0,338,0,114,0,4957,0,9,0,13,851,21,43,0,0,0,0,138
Bacteria.Bacteroidota.Bacteroidia.Bacteroidales.Prevotellaceae.Prevotella.stercorea,0,0,0,0,0,0,0,0,0,0,0,0,0,0,0,0,0,0,0,0,0,0,0,0,0,0,744,0,0,0,0,0,0,0,0,0,0,0,0,0,0,0,0,0,0,0,0,0,0,0,0,0,0
Bacteria.Bacteroidota.Bacteroidia.Bacteroidales.Prevotellaceae.Prevotellaceae_NK3B31_group.NA,0,0,0,0,0,0,0,0,0,0,0,0,0,0,0,0,0,0,0,0,0,0,0,0,0,0,0,0,0,0,0,0,0,0,0,0,0,1354,695,0,0,0,0,0,0,24,0,0,0,0,0,0,0
Bacteria.Bacteroidota.Bacteroidia.Bacteroidales.Prevotellaceae.Prevotellaceae_YAB2003_group.NA,0,0,0,0,0,0,0,0,0,0,0,0,0,0,0,0,0,2,0,0,0,0,0,0,0,0,0,0,0,0,0,0,0,0,0,0,0,0,0,0,0,0,0,0,0,0,0,0,0,0,0,0,0
Bacteria.Bacteroidota.Bacteroidia.Bacteroidales.Rikenellaceae.Alistipes.finegoldii,239,842,2102,0,12,0,33,63,0,137,0,137,414,0,114,57,21,17,0,82,0,221,1153,0,46,0,24,0,42,13,0,0,0,71,0,204,51,0,0,55,13,477,166,0,0,0,0,0,227,0,0,0,0
Bacteria.Bacteroidota.Bacteroidia.Bacteroidales.Rikenellaceae.Alistipes.ihumii,105,468,0,0,16,147,0,0,78,0,0,0,0,0,246,0,0,0,0,0,0,0,0,141,0,0,0,0,0,0,0,0,0,0,0,43,0,39,0,0,0,0,66,0,0,0,0,0,0,0,0,0,4
Bacteria.Bacteroidota.Bacteroidia.Bacteroidales.Rikenellaceae.Alistipes.indistinctus,0,14,0,0,0,1045,35,15,29,19,61,0,132,0,0,18,0,41,0,14,0,57,0,12,79,0,61,49,0,0,18,0,0,395,0,57,19,0,0,0,0,0,0,0,0,0,5,0,0,0,0,50,0
Bacteria.Bacteroidota.Bacteroidia.Bacteroidales.Rikenellaceae.Alistipes.inops,0,157,0,0,7,0,0,0,0,0,0,0,0,0,0,0,0,0,0,0,0,0,0,286,0,0,36,103,25,0,0,0,0,0,0,0,0,0,6,0,0,0,0,0,0,0,0,0,0,0,0,0,0
Bacteria.Bacteroidota.Bacteroidia.Bacteroidales.Rikenellaceae.Alistipes.massiliensis,0,0,0,0,0,52,0,0,0,0,0,0,0,0,131,0,0,0,0,0,0,0,0,0,0,0,0,0,0,0,0,0,0,0,0,34,0,0,0,0,0,0,0,0,0,0,0,0,0,0,0,0,0
Bacteria.Bacteroidota.Bacteroidia.Bacteroidales.Rikenellaceae.Alistipes.NA,800,463,4509,0,881,509,2458,1148,4650,2718,179,0,483,1696,1493,339,182,188,0,2002,3752,1728,1781,605,2162,0,146,541,226,253,939,0,1409,167,266,692,118,447,54,1572,40,0,44,1607,0,724,5,465,1030,770,759,1108,2
Bacteria.Bacteroidota.Bacteroidia.Bacteroidales.Rikenellaceae.Alistipes.obesi,0,0,0,0,40,16,0,41,7,0,0,175,0,0,132,0,0,93,0,0,0,64,0,712,0,0,49,146,0,220,41,0,0,117,60,288,0,137,28,189,0,0,0,0,0,0,0,0,0,0,0,0,0
Bacteria.Bacteroidota.Bacteroidia.Bacteroidales.Rikenellaceae.Alistipes.putredinis,0,2498,234,0,570,53,1399,233,625,586,962,1405,2049,965,0,396,0,557,0,979,538,1405,602,1366,1289,449,659,630,159,2823,20,0,1639,547,96,2631,998,867,85,1112,1029,0,0,0,171,0,0,299,1127,0,436,727,7
Bacteria.Bacteroidota.Bacteroidia.Bacteroidales.Rikenellaceae.Alistipes.senegalensis,0,0,0,0,0,43,0,0,0,149,24,0,0,42,0,0,0,0,0,0,0,0,0,15,0,0,0,338,0,0,0,0,0,0,0,158,0,0,21,19,0,0,0,0,0,0,0,0,0,0,0,0,0
Bacteria.Bacteroidota.Bacteroidia.Bacteroidales.Rikenellaceae.Alistipes.shahii,40,0,0,0,0,0,0,0,50,379,0,0,721,0,120,0,147,0,0,686,157,0,316,457,0,0,53,0,72,197,106,0,0,117,43,388,8,0,0,0,36,0,0,0,63,0,0,0,0,0,0,47,0
Bacteria.Bacteroidota.Bacteroidia.Bacteroidales.Rikenellaceae.Alistipes.timonensis,0,0,0,0,0,0,0,0,0,0,0,0,0,0,0,0,0,0,0,0,0,0,0,141,0,0,0,0,0,0,0,0,0,0,0,0,0,0,0,0,0,0,0,0,0,0,0,0,0,0,0,39,0
Bacteria.Bacteroidota.Bacteroidia.Bacteroidales.Rikenellaceae.NA.NA,0,0,0,0,6,0,0,0,0,0,0,0,0,0,0,0,0,0,0,0,0,0,0,0,0,0,0,0,0,0,0,0,3,0,0,0,0,0,0,0,0,0,0,0,0,0,0,0,0,0,0,0,0
Bacteria.Bacteroidota.Bacteroidia.Bacteroidales.Rikenellaceae.Rikenella.NA,0,0,0,0,0,0,0,0,0,0,0,0,0,0,0,0,0,0,0,0,0,0,0,0,0,0,0,0,0,0,0,0,0,0,0,0,0,0,0,0,0,0,0,0,0,5,0,0,0,0,0,0,0
Bacteria.Bacteroidota.Bacteroidia.Bacteroidales.Rikenellaceae.Rikenellaceae_RC9_gut_group.NA,0,0,0,0,0,226,0,0,0,0,0,0,0,0,0,0,0,0,0,0,0,0,0,0,0,0,0,0,8,0,0,0,0,0,0,0,0,0,1061,0,0,0,0,0,0,0,0,0,0,0,0,0,0
Bacteria.Bacteroidota.Bacteroidia.Bacteroidales.Tannerellaceae.NA.NA,2,0,0,0,2,0,0,0,66,0,0,0,0,0,2,0,0,0,0,0,0,0,0,0,0,0,0,0,0,0,0,0,0,0,0,0,0,0,0,0,0,0,0,0,0,0,0,0,0,0,0,0,0
Bacteria.Bacteroidota.Bacteroidia.Bacteroidales.Tannerellaceae.Parabacteroides.distasonis,47,155,0,0,347,541,413,556,2370,434,389,888,86,229,228,550,332,89,169,1003,22,469,27,772,845,191,100,1488,0,248,157,0,1690,46,0,0,156,552,50,1185,276,0,1801,2102,159,0,68,269,0,880,0,0,112
Bacteria.Bacteroidota.Bacteroidia.Bacteroidales.Tannerellaceae.Parabacteroides.goldsteinii,0,0,0,0,61,214,0,0,14,0,0,0,353,0,0,0,0,96,0,0,0,423,0,0,0,0,0,0,0,0,0,0,0,0,0,0,0,0,0,0,0,0,0,0,0,0,0,0,0,0,0,0,6
Bacteria.Bacteroidota.Bacteroidia.Bacteroidales.Tannerellaceae.Parabacteroides.gordonii,0,0,0,0,0,0,0,0,13,0,0,0,0,0,0,0,0,0,0,0,0,0,0,0,0,0,0,0,0,0,0,0,0,0,0,0,0,0,0,0,0,0,0,0,0,0,0,0,0,0,0,0,0
Bacteria.Bacteroidota.Bacteroidia.Bacteroidales.Tannerellaceae.Parabacteroides.johnsonii,0,0,0,0,0,0,0,0,0,0,0,0,0,0,0,0,0,0,0,0,0,0,0,0,0,0,0,0,0,0,0,0,0,0,0,0,0,0,0,0,0,0,0,0,0,754,0,0,0,0,0,0,0
Bacteria.Bacteroidota.Bacteroidia.Bacteroidales.Tannerellaceae.Parabacteroides.merdae,604,763,821,0,173,605,0,0,1110,2347,857,1566,0,330,989,0,962,582,0,801,31,0,0,274,6,1213,477,0,252,1059,502,0,2389,305,330,606,2519,974,46,1121,849,0,0,0,1546,2993,8,316,2,910,575,0,425
Bacteria.Bacteroidota.Bacteroidia.Bacteroidales.Tannerellaceae.Parabacteroides.NA,0,0,0,0,616,600,190,129,0,599,297,65,90,95,198,34,0,11,135,0,52,182,76,126,159,38,90,232,0,0,120,0,782,20,130,1498,0,0,35,10,0,0,0,778,233,0,36,46,0,61,54,0,0
Bacteria.Bacteroidota.Bacteroidia.Flavobacteriales.NA.NA.NA,0,0,0,0,31,0,0,0,0,0,0,0,0,0,0,0,0,0,0,0,0,0,0,0,0,0,0,0,0,0,0,0,0,0,0,0,0,0,0,0,0,0,0,0,0,0,0,0,0,0,0,0,0
Bacteria.Bacteroidota.Bacteroidia.NA.NA.NA.NA,0,0,0,0,0,0,5,0,5,0,0,0,0,0,2,0,0,0,0,0,4,0,0,2,0,0,0,0,0,0,0,0,0,0,0,2,0,2,0,0,0,0,0,2,0,0,0,0,0,0,0,0,0
Bacteria.Bacteroidota.NA.NA.NA.NA.NA,0,0,0,0,0,0,0,0,0,0,0,0,0,0,0,0,0,0,0,0,0,0,0,0,0,0,0,0,0,0,0,0,0,0,0,0,3,0,0,0,0,0,0,0,0,0,0,0,0,0,0,0,0
Bacteria.Campilobacterota.Campylobacteria.Campylobacterales.Campylobacteraceae.Campylobacter.NA,0,0,0,0,0,0,0,0,0,0,0,0,0,0,0,0,0,0,0,0,0,0,0,0,0,0,0,2,0,0,0,0,0,0,0,0,0,0,3,0,0,0,0,0,0,0,0,0,0,0,0,0,0
Bacteria.Campilobacterota.Campylobacteria.Campylobacterales.Campylobacteraceae.Campylobacter.ureolyticus,0,0,2,0,0,0,0,0,0,0,0,0,0,0,0,0,0,0,0,0,0,0,0,0,0,0,0,0,0,0,0,0,0,0,0,0,0,0,0,0,0,0,0,0,2,0,0,0,0,0,0,0,0
Bacteria.Cyanobacteria.Cyanobacteriia.Chloroplast.NA.NA.NA,0,0,47,0,0,0,0,0,0,0,0,0,0,0,0,0,0,0,0,0,5,0,0,0,0,11,0,0,0,0,0,9,0,0,0,0,0,0,0,0,0,0,0,5,0,0,0,0,0,23,0,7,0
Bacteria.Cyanobacteria.Vampirivibrionia.Gastranaerophilales.NA.NA.NA,0,0,0,0,0,0,166,0,154,0,0,0,37,0,0,0,0,0,0,18,0,9,0,101,0,0,0,18,0,0,0,0,0,0,0,0,4,141,0,0,5,0,0,0,3,0,0,118,0,0,37,0,0
Bacteria.Desulfobacterota.Desulfovibrionia.Desulfovibrionales.Desulfovibrionaceae.Bilophila.NA,0,0,0,0,0,0,0,34,0,48,42,0,0,0,0,0,2,0,0,0,0,0,0,0,0,0,0,0,0,0,0,0,0,0,0,0,51,2,0,0,0,0,0,0,0,0,0,0,0,0,0,0,28
Bacteria.Desulfobacterota.Desulfovibrionia.Desulfovibrionales.Desulfovibrionaceae.Bilophila.wadsworthia,0,312,0,45,72,432,45,39,123,151,32,53,0,143,256,51,212,85,100,214,176,113,0,9,33,0,53,12,0,28,71,89,259,135,0,80,183,75,54,182,186,0,0,302,6,175,170,48,0,184,40,0,0
Bacteria.Desulfobacterota.Desulfovibrionia.Desulfovibrionales.Desulfovibrionaceae.Desulfovibrio.fairfieldensis,0,0,0,0,0,0,0,0,0,0,0,30,0,0,0,0,0,0,0,0,0,0,0,0,0,0,0,0,0,0,0,0,0,0,158,139,252,0,0,0,0,0,0,0,0,0,0,0,0,0,0,0,0
Bacteria.Desulfobacterota.Desulfovibrionia.Desulfovibrionales.Desulfovibrionaceae.Desulfovibrio.NA,0,0,200,0,499,0,0,0,0,0,0,0,0,0,0,0,0,192,0,974,5354,0,0,68,0,0,427,25,7,375,212,0,5,0,0,0,0,0,299,0,1196,0,0,0,111,0,8,0,0,0,0,0,0
Bacteria.Desulfobacterota.Desulfovibrionia.Desulfovibrionales.Desulfovibrionaceae.Desulfovibrio.piger,0,0,0,0,0,0,0,0,0,0,0,0,0,0,0,0,0,115,0,392,0,0,0,0,0,0,0,0,0,0,0,0,0,0,0,0,0,0,0,0,0,0,0,0,0,0,0,0,0,0,0,0,0
Bacteria.Desulfobacterota.Desulfovibrionia.Desulfovibrionales.Desulfovibrionaceae.NA.NA,0,11,0,0,5,0,25,8,0,0,0,0,0,0,0,0,0,11,0,0,0,0,0,0,0,12,7,0,0,0,0,0,0,0,0,0,13,0,0,0,0,0,0,0,0,0,0,0,0,0,0,0,0
Bacteria.Elusimicrobiota.Elusimicrobia.Elusimicrobiales.Elusimicrobiaceae.Elusimicrobium.NA,0,0,0,0,0,0,0,0,0,0,0,0,0,0,0,0,0,90,0,49,0,0,0,0,0,0,0,0,0,0,0,0,0,0,0,0,0,0,0,0,0,0,0,0,0,0,0,0,0,0,0,0,0
Bacteria.Firmicutes.Bacilli.Acholeplasmatales.Acholeplasmataceae.Anaeroplasma.NA,0,0,0,0,0,0,0,0,0,0,0,0,0,0,0,0,0,0,0,0,0,0,0,0,0,0,0,0,0,0,0,0,0,2,0,0,0,0,0,0,0,0,0,0,0,0,0,0,0,0,0,0,0
Bacteria.Firmicutes.Bacilli.Bacillales.Bacillaceae.Bacillus.coagulans,0,0,0,0,0,0,0,0,0,0,0,0,0,0,0,0,0,0,0,0,0,0,0,0,0,0,0,0,0,5,0,0,8,0,0,0,0,0,0,0,0,0,0,0,0,0,0,0,0,0,0,0,0
Bacteria.Firmicutes.Bacilli.Bacillales.Bacillaceae.Bacillus.NA,0,0,0,0,0,0,0,0,0,0,0,0,0,0,0,0,0,0,0,8,0,0,0,0,0,0,0,34,0,0,0,0,0,0,0,0,0,0,0,0,0,0,0,0,0,0,0,0,0,0,0,0,0
Bacteria.Firmicutes.Bacilli.Erysipelotrichales.Erysipelatoclostridiaceae.Asteroleplasma.NA,0,0,0,0,0,0,0,0,0,0,0,0,0,0,0,0,0,0,0,4,0,0,0,0,0,13,0,0,0,0,0,0,0,0,0,0,0,0,0,0,0,0,0,0,0,0,0,0,0,0,0,0,0
Bacteria.Firmicutes.Bacilli.Erysipelotrichales.Erysipelatoclostridiaceae.Candidatus_Stoquefichus.NA,0,0,114,436,0,0,0,0,71,0,0,0,0,0,0,10,127,0,0,0,0,9,0,0,0,0,0,0,0,0,0,0,0,0,0,0,0,9,0,0,20,0,532,0,215,0,153,0,0,4,0,4,0
Bacteria.Firmicutes.Bacilli.Erysipelotrichales.Erysipelatoclostridiaceae.Catenibacterium.NA,0,0,0,0,0,0,0,0,0,0,0,0,0,0,2058,0,0,1487,0,0,0,0,0,0,0,0,0,0,34,0,1969,0,0,0,0,0,0,0,0,0,0,0,0,0,0,2418,13,0,0,0,0,0,0
Bacteria.Firmicutes.Bacilli.Erysipelotrichales.Erysipelatoclostridiaceae.Coprobacillus.cateniformis,0,0,0,0,0,42,0,0,0,169,0,0,0,0,0,0,0,0,0,0,0,0,0,0,0,0,0,0,0,7,0,0,27,0,0,3,0,0,0,0,0,0,0,4,0,0,0,46,0,0,0,0,0
Bacteria.Firmicutes.Bacilli.Erysipelotrichales.Erysipelatoclostridiaceae.Erysipelatoclostridium.NA,163,114,475,181,12,34,23,40,81,54,27,977,22,71,52,43,81,0,0,64,0,143,61,49,15,22,34,48,0,149,16,191,25,5,32,100,291,0,140,506,18,62,43,78,4,100,83,40,197,0,348,60,91
Bacteria.Firmicutes.Bacilli.Erysipelotrichales.Erysipelatoclostridiaceae.Erysipelatoclostridium.ramosum,0,0,8,158,0,0,0,0,0,0,672,620,0,0,0,0,108,0,90,279,47,0,0,0,0,11,0,0,0,0,0,279,30,0,0,0,0,0,0,22,0,0,0,385,199,11,139,0,6,0,335,0,26
Bacteria.Firmicutes.Bacilli.Erysipelotrichales.Erysipelatoclostridiaceae.Erysipelotrichaceae_UCG-003.bacterium,1576,385,0,0,1385,3313,358,1233,1798,546,0,0,437,190,12,1746,0,45,905,225,464,159,1481,24,1487,864,506,792,108,526,19,0,0,795,566,1888,2657,967,510,0,421,1249,0,0,0,997,6,803,914,2289,0,345,2632
Bacteria.Firmicutes.Bacilli.Erysipelotrichales.Erysipelatoclostridiaceae.Erysipelotrichaceae_UCG-003.NA,286,0,0,0,189,583,666,181,470,90,0,0,47,68,0,270,0,319,100,1114,1722,8,161,305,195,118,0,100,0,85,128,0,0,109,60,271,325,125,172,0,54,159,0,0,0,126,0,104,138,288,0,267,657
Bacteria.Firmicutes.Bacilli.Erysipelotrichales.Erysipelatoclostridiaceae.NA.NA,0,0,0,0,0,0,0,0,0,0,0,0,0,4,0,0,0,0,0,0,0,0,0,0,0,0,0,0,0,0,0,0,0,0,0,0,0,0,0,0,0,0,0,0,0,0,0,0,0,0,0,0,0
Bacteria.Firmicutes.Bacilli.Erysipelotrichales.Erysipelatoclostridiaceae.UCG-004.NA,0,0,0,0,0,0,0,0,0,0,0,0,0,0,0,0,0,0,0,0,0,0,0,0,0,0,0,11,0,0,0,0,0,0,0,0,0,0,0,0,0,0,0,0,0,0,0,0,0,0,0,0,0
Bacteria.Firmicutes.Bacilli.Erysipelotrichales.Erysipelotrichaceae.Bulleidia.extructa,0,0,0,0,0,0,0,0,0,0,0,0,0,0,0,0,0,0,0,0,0,0,0,0,0,0,0,0,0,0,0,0,0,0,0,0,0,0,0,0,0,0,0,0,0,0,0,0,0,0,0,0,2
Bacteria.Firmicutes.Bacilli.Erysipelotrichales.Erysipelotrichaceae.Dielma.fastidiosa,16,0,2,3,0,0,0,0,0,13,28,7,0,0,0,0,5,0,0,20,0,0,0,0,0,15,0,0,0,0,0,0,8,0,11,4,0,0,0,5,0,9,6,55,0,0,0,0,0,0,3,8,0
Bacteria.Firmicutes.Bacilli.Erysipelotrichales.Erysipelotrichaceae.Dielma.NA,0,0,0,0,0,0,3,0,0,0,0,0,0,0,0,0,0,4,5,0,0,8,0,0,0,0,0,3,0,0,0,0,0,0,0,0,0,0,9,0,0,0,0,0,0,8,0,0,7,0,0,0,0
Bacteria.Firmicutes.Bacilli.Erysipelotrichales.Erysipelotrichaceae.Dubosiella.newyorkensis,0,0,0,0,0,0,0,0,0,0,0,0,0,0,0,0,0,0,0,0,0,0,0,0,0,0,0,0,0,0,0,0,0,0,0,0,0,0,0,0,0,0,0,0,0,2,0,0,0,0,0,0,0
Bacteria.Firmicutes.Bacilli.Erysipelotrichales.Erysipelotrichaceae.Faecalicoccus.NA,0,0,0,0,0,0,0,0,0,0,0,0,0,0,0,0,0,0,0,0,0,0,0,0,0,0,0,0,0,0,0,0,0,0,0,0,0,0,0,0,0,0,0,0,0,0,0,0,0,0,0,0,2
Bacteria.Firmicutes.Bacilli.Erysipelotrichales.Erysipelotrichaceae.Faecalicoccus.pleomorphus,0,0,0,0,0,0,0,0,0,0,0,0,0,0,0,0,0,0,0,0,0,0,0,0,0,0,0,0,0,0,0,0,0,0,0,0,0,0,0,0,0,0,0,0,0,0,0,0,0,0,0,0,66
Bacteria.Firmicutes.Bacilli.Erysipelotrichales.Erysipelotrichaceae.Faecalitalea.cylindroides,0,0,0,0,0,35,0,0,0,0,0,722,0,0,0,0,0,0,0,0,0,0,0,0,0,0,0,0,0,0,0,0,0,0,0,0,0,0,0,0,0,0,0,0,0,0,0,0,0,0,0,0,0
Bacteria.Firmicutes.Bacilli.Erysipelotrichales.Erysipelotrichaceae.Faecalitalea.NA,87,0,79,820,20,0,0,0,34,17,219,1287,216,607,8,0,165,0,82,90,0,0,216,0,54,0,0,0,0,31,0,23,35,0,4,955,13,0,0,15,290,88,710,69,42,57,127,1064,0,0,21,19,20
Bacteria.Firmicutes.Bacilli.Erysipelotrichales.Erysipelotrichaceae.Holdemanella.biformis,0,0,0,0,0,0,0,0,0,0,0,0,0,0,0,0,0,0,0,0,0,0,0,0,0,0,0,0,0,0,0,0,0,0,0,0,0,0,0,0,0,0,0,0,0,0,19,0,0,0,0,0,0
Bacteria.Firmicutes.Bacilli.Erysipelotrichales.Erysipelotrichaceae.Holdemanella.NA,0,0,0,0,3217,0,0,0,0,0,0,0,0,0,1054,0,0,0,0,0,0,2398,0,356,0,0,1029,0,142,0,0,0,0,0,300,0,2190,0,0,0,3824,0,0,0,0,0,29,0,0,0,0,0,0
Bacteria.Firmicutes.Bacilli.Erysipelotrichales.Erysipelotrichaceae.Holdemania.filiformis,6,119,20,76,0,0,0,8,87,10,38,23,7,0,0,11,26,9,0,0,0,0,20,10,0,0,7,0,0,0,0,26,23,0,0,0,0,11,5,0,0,0,0,0,0,0,0,7,9,89,37,28,24
Bacteria.Firmicutes.Bacilli.Erysipelotrichales.Erysipelotrichaceae.Holdemania.massiliensis,0,0,0,0,0,0,15,0,15,7,0,0,0,0,6,0,0,0,66,0,37,16,0,0,0,0,0,0,0,11,0,0,0,0,7,0,0,0,0,0,0,0,0,0,6,0,0,0,0,0,12,0,0
Bacteria.Firmicutes.Bacilli.Erysipelotrichales.Erysipelotrichaceae.Holdemania.NA,0,0,0,34,10,8,2,0,0,0,0,0,0,2,12,0,0,0,0,24,11,0,0,0,2,3,0,8,0,0,0,0,0,36,0,22,14,0,0,25,11,36,25,0,0,35,0,0,0,0,0,0,0
Bacteria.Firmicutes.Bacilli.Erysipelotrichales.Erysipelotrichaceae.Merdibacter.NA,0,0,185,0,0,0,185,7,0,63,0,0,4,23,0,3,0,0,0,0,0,0,32,0,59,0,0,0,0,0,24,0,0,56,82,61,0,26,83,11,0,0,0,0,0,0,0,31,0,0,9,0,0
Bacteria.Firmicutes.Bacilli.Erysipelotrichales.Erysipelotrichaceae.NA.NA,59,298,55,52,0,9,0,5,17,67,26,72,34,11,3,0,68,6,43,37,11,33,27,0,0,0,0,4,0,10,8,23,55,8,20,15,11,7,19,303,28,0,14,66,469,25,97,53,24,7,30,0,170
Bacteria.Firmicutes.Bacilli.Erysipelotrichales.Erysipelotrichaceae.Solobacterium.moorei,0,8,0,0,0,0,0,0,0,0,0,0,0,0,0,0,0,0,0,0,3,0,0,0,0,0,0,0,0,3,0,0,0,0,0,0,0,0,0,0,0,0,0,3,11,0,0,0,0,0,0,0,0
Bacteria.Firmicutes.Bacilli.Erysipelotrichales.Erysipelotrichaceae.Turicibacter.NA,0,0,2,0,0,0,2,0,0,9,0,0,0,0,0,12,0,0,0,0,0,0,23,0,52,0,0,0,0,0,31,0,17,0,73,0,0,0,33,8,0,21,26,2,0,0,0,0,0,0,0,0,0
Bacteria.Firmicutes.Bacilli.Erysipelotrichales.Erysipelotrichaceae.Turicibacter.sanguinis,4,0,128,0,0,15,128,50,0,279,8,0,0,0,0,266,22,0,82,64,0,0,1341,12,305,5,86,22,0,472,111,0,197,11,343,40,0,0,522,71,91,29,261,138,0,0,49,117,10,29,21,0,0
Bacteria.Firmicutes.Bacilli.Izemoplasmatales.NA.NA.NA,0,0,10,0,155,21,24,0,0,0,0,0,6,0,0,0,0,0,0,0,89,0,32,98,0,24,10,4,50,0,0,0,0,0,0,4,0,0,12,0,0,0,0,0,0,0,0,64,0,0,0,0,0
Bacteria.Firmicutes.Bacilli.Lactobacillales.Carnobacteriaceae.Granulicatella.NA,7,0,0,0,0,2,0,0,0,0,0,6,0,0,0,0,5,0,0,0,0,0,0,0,0,0,0,4,0,2,0,3,0,0,0,3,0,0,0,0,6,0,0,0,66,0,12,0,0,0,6,4,0
Bacteria.Firmicutes.Bacilli.Lactobacillales.Enterococcaceae.Enterococcus.NA,0,0,0,0,0,0,0,0,0,0,0,0,0,0,0,0,0,0,6,234,0,0,0,0,0,55,23,0,9,0,0,0,3,0,0,0,0,0,0,0,0,0,0,0,0,0,42,0,0,0,0,0,0
Bacteria.Firmicutes.Bacilli.Lactobacillales.Lactobacillaceae.Lactobacillus.amylovorus,0,0,0,0,0,0,0,0,0,0,0,0,0,0,0,0,0,0,0,0,0,0,0,0,0,0,0,0,0,0,0,0,0,9,0,0,0,0,0,0,0,0,0,0,0,0,0,0,0,0,0,0,0
Bacteria.Firmicutes.Bacilli.Lactobacillales.Lactobacillaceae.Lactobacillus.crispatus,0,0,0,0,0,0,0,0,0,0,0,0,6,0,0,0,0,0,0,0,0,0,0,0,0,0,0,0,0,0,0,0,0,0,0,0,0,0,0,0,0,0,0,0,0,0,0,0,0,0,0,0,0
Bacteria.Firmicutes.Bacilli.Lactobacillales.Lactobacillaceae.Lactobacillus.delbrueckii,0,0,0,7,0,0,0,0,0,0,0,0,0,0,5,0,0,0,0,0,0,0,0,0,0,0,0,0,0,0,0,0,0,0,0,0,0,0,0,0,0,0,0,0,0,0,0,0,0,0,0,0,0
Bacteria.Firmicutes.Bacilli.Lactobacillales.Lactobacillaceae.Lactobacillus.frumenti,0,0,0,0,0,0,0,0,0,0,0,0,0,0,0,0,0,0,0,0,0,0,0,0,0,0,0,0,0,0,0,0,0,0,0,0,0,0,0,0,0,0,0,0,0,0,0,0,0,0,0,0,3
Bacteria.Firmicutes.Bacilli.Lactobacillales.Lactobacillaceae.Lactobacillus.gastricus,0,0,0,0,0,0,0,0,0,0,0,0,0,0,0,0,0,0,0,0,0,0,0,0,0,0,0,0,0,0,0,0,0,0,0,0,0,0,0,0,0,0,0,0,0,0,6,0,0,0,0,0,0
Bacteria.Firmicutes.Bacilli.Lactobacillales.Lactobacillaceae.Lactobacillus.kalixensis,0,0,0,0,0,0,0,0,0,0,0,0,0,0,0,0,0,0,0,0,0,0,0,0,0,0,0,0,0,0,0,0,0,0,0,0,0,0,0,0,0,0,0,0,0,0,161,0,0,0,0,0,0
Bacteria.Firmicutes.Bacilli.Lactobacillales.Lactobacillaceae.Lactobacillus.NA,40,0,26,0,4,0,0,46,0,4,0,0,4,0,90,17,142,6,0,0,0,0,8,0,0,0,134,15,0,2,0,24,120,0,1447,11,3,0,34,99,0,0,0,4,0,102,200,24,0,0,201,34,69
Bacteria.Firmicutes.Bacilli.Lactobacillales.Lactobacillaceae.Lactobacillus.paracasei,0,0,0,0,0,0,0,0,0,0,0,0,0,0,64,0,0,0,0,0,0,0,0,0,0,0,0,0,0,0,0,0,0,0,0,0,0,0,0,0,0,0,0,0,0,0,0,0,0,0,0,0,0
Bacteria.Firmicutes.Bacilli.Lactobacillales.Lactobacillaceae.Lactobacillus.ruminis,0,0,0,0,0,0,0,0,0,0,0,0,0,0,0,0,0,0,0,0,0,0,0,0,0,0,620,0,0,0,0,0,0,0,3009,0,0,0,0,0,0,0,0,0,0,0,0,0,0,0,0,0,0
Bacteria.Firmicutes.Bacilli.Lactobacillales.Lactobacillaceae.Pediococcus.NA,0,0,0,0,0,0,0,0,0,0,0,0,0,0,0,0,0,0,0,0,0,0,0,0,0,0,0,0,0,0,0,0,0,0,0,0,0,0,0,0,0,0,4,0,0,0,0,0,0,0,0,0,0
Bacteria.Firmicutes.Bacilli.Lactobacillales.Leuconostocaceae.Leuconostoc.NA,0,0,0,0,10,0,0,0,25,0,0,0,0,0,0,0,0,0,0,9,0,0,0,0,0,3,0,0,0,0,0,0,8,0,0,0,0,0,0,0,0,0,0,0,0,0,0,0,0,0,0,0,0
Bacteria.Firmicutes.Bacilli.Lactobacillales.Leuconostocaceae.Weissella.NA,0,0,0,0,0,0,0,0,0,0,0,0,0,0,35,24,0,0,0,0,0,0,0,0,0,0,0,0,10,0,0,0,0,0,0,0,0,0,0,0,0,0,0,0,0,0,0,0,0,0,0,0,0
Bacteria.Firmicutes.Bacilli.Lactobacillales.Listeriaceae.Brochothrix.thermosphacta,0,0,0,0,0,0,5,0,0,0,0,0,0,0,0,0,0,0,0,0,0,0,0,0,0,0,0,0,0,0,0,0,0,0,0,0,0,0,0,0,0,0,0,0,0,0,0,0,0,0,0,0,0
Bacteria.Firmicutes.Bacilli.Lactobacillales.Streptococcaceae.Floricoccus.NA,0,0,0,0,0,0,0,0,0,0,0,0,3,2,0,0,0,0,0,0,0,0,0,0,0,0,0,0,0,0,0,0,0,0,0,0,0,0,0,0,0,0,0,0,0,0,0,0,0,0,0,0,0
Bacteria.Firmicutes.Bacilli.Lactobacillales.Streptococcaceae.Lactococcus.NA,20,0,4,79,41,0,6,13,69,0,13,10,12,21,15,0,5,0,0,0,0,0,24,3,0,0,6,0,0,34,0,0,0,1061,22,47,27,0,4,6,0,0,12,0,0,21,19,0,43,0,70,0,10
Bacteria.Firmicutes.Bacilli.Lactobacillales.Streptococcaceae.NA.NA,0,0,0,0,0,0,0,0,0,0,0,0,2,0,0,0,0,0,0,0,0,0,0,0,0,0,0,0,0,0,0,2,0,0,0,0,0,0,0,0,0,0,0,0,2,0,0,0,0,0,0,0,0
Bacteria.Firmicutes.Bacilli.Lactobacillales.Streptococcaceae.Streptococcus.mutans,0,0,0,0,4,7,0,0,0,0,0,30,0,0,8,0,0,0,0,0,0,0,0,0,0,0,4,0,0,0,0,0,0,0,0,0,0,0,0,0,0,3,3,0,77,3,24,27,33,0,0,0,0
Bacteria.Firmicutes.Bacilli.Lactobacillales.Streptococcaceae.Streptococcus.NA,1574,19,3062,330,112,502,401,485,49,31,95,742,807,194,726,332,1353,54,285,110,91,830,367,0,59,113,51,834,0,231,210,455,197,222,765,256,209,202,457,1706,197,564,435,726,12383,663,5036,10,310,9,518,940,240
Bacteria.Firmicutes.Bacilli.Lactobacillales.Streptococcaceae.Streptococcus.parasanguinis,0,0,0,0,0,0,14,0,0,0,0,0,0,0,0,0,0,0,0,0,0,0,0,0,0,0,0,0,0,0,0,0,0,0,0,0,0,0,0,0,0,0,0,0,17,0,0,0,0,0,0,0,0
Bacteria.Firmicutes.Bacilli.Lactobacillales.Streptococcaceae.Streptococcus.salivarius,0,0,0,0,0,0,0,0,0,0,0,0,0,0,0,85,0,0,0,0,0,0,0,34,0,0,0,0,0,0,37,0,0,0,0,0,0,0,0,0,0,0,0,0,0,0,0,0,0,0,0,0,41
Bacteria.Firmicutes.Bacilli.NA.NA.NA.NA,0,0,0,0,0,0,0,0,0,0,0,0,0,0,0,0,0,0,0,0,0,0,0,0,0,0,0,0,0,0,0,0,0,0,0,0,0,0,0,0,0,0,0,0,0,2,0,0,0,0,0,0,0
Bacteria.Firmicutes.Bacilli.RF39.NA.NA.NA,0,0,0,0,4,95,52,0,0,0,0,0,241,0,0,0,0,0,0,43,339,0,5,493,0,716,0,60,37,0,37,0,0,0,0,0,0,6,192,0,0,0,0,0,0,0,0,0,0,0,0,0,0
Bacteria.Firmicutes.Bacilli.Staphylococcales.Gemellaceae.Gemella.NA,0,0,0,0,0,0,0,0,0,0,0,0,0,0,0,0,0,0,0,0,0,0,0,0,0,0,0,0,0,0,0,0,0,0,0,0,0,0,0,0,0,0,0,0,16,0,0,0,0,0,0,0,0
Bacteria.Firmicutes.Bacilli.Staphylococcales.Gemellaceae.Gemella.sanguinis,4,0,0,8,0,0,0,0,4,0,0,0,0,0,0,0,0,0,0,0,0,0,0,0,0,0,0,0,0,0,6,0,0,0,0,0,0,3,0,0,6,0,0,4,0,0,9,0,0,0,7,0,0
Bacteria.Firmicutes.Bacilli.Staphylococcales.Staphylococcaceae.Staphylococcus.NA,0,0,0,0,0,0,0,0,0,0,0,0,0,2,0,0,0,0,0,0,0,0,0,0,0,0,0,0,0,0,0,0,0,0,4,0,0,0,0,0,0,0,0,0,27,0,0,0,0,0,0,0,0
Bacteria.Firmicutes.Clostridia.Caldicoprobacterales.Caldicoprobacteraceae.Caldicoprobacter.NA,0,0,0,0,0,0,3,0,0,0,0,0,6,0,0,0,0,0,0,0,0,0,5,0,0,0,0,0,0,0,0,0,0,0,0,6,0,0,0,0,0,0,0,0,0,0,0,0,0,0,0,0,0
Bacteria.Firmicutes.Clostridia.Christensenellales.Christensenellaceae.Christensenella.massiliensis,0,3,0,0,6,0,0,0,0,0,0,0,0,0,6,0,0,0,0,0,0,0,0,0,0,0,0,0,0,0,0,0,0,0,0,0,5,0,9,0,0,0,0,0,0,0,0,51,0,0,0,0,66
Bacteria.Firmicutes.Clostridia.Christensenellales.Christensenellaceae.Christensenella.minuta,0,0,0,0,0,9,0,0,7,6,0,0,0,0,0,0,0,0,0,9,0,0,0,0,0,0,0,0,0,0,0,0,0,3,0,0,0,0,0,3,0,0,0,0,0,0,0,0,0,0,0,0,0
Bacteria.Firmicutes.Clostridia.Christensenellales.Christensenellaceae.Christensenella.NA,0,0,0,2,0,0,5,0,5,0,0,3,2,0,0,0,0,0,0,0,0,0,0,0,0,0,0,5,0,0,0,0,8,0,5,7,0,0,0,0,0,4,0,0,0,3,0,6,0,0,7,0,4
Bacteria.Firmicutes.Clostridia.Christensenellales.Christensenellaceae.Christensenellaceae_R-7_group.NA,10,59,2243,0,855,1041,1627,213,109,661,0,43,1387,201,152,0,6,244,5,1950,1956,108,2369,707,608,365,323,2017,381,304,133,0,151,329,2967,1209,585,30,1900,413,335,179,5,0,334,469,10,1251,303,0,558,465,28
Bacteria.Firmicutes.Clostridia.Christensenellales.Christensenellaceae.NA.NA,5,19,58,0,28,14,8,12,10,15,23,18,33,28,15,0,0,0,12,27,9,4,33,13,0,4,19,21,0,57,0,0,0,17,12,6,0,11,21,6,16,242,4,0,0,21,0,45,14,0,17,0,7
Bacteria.Firmicutes.Clostridia.Clostridia_or.Hungateiclostridiaceae.Ruminiclostridium.NA,0,0,11,0,9,0,0,0,0,76,0,0,48,0,0,0,0,0,0,0,0,0,62,3,10,0,0,0,0,13,0,0,0,0,0,5,0,0,15,4,0,7,0,0,0,0,0,5,17,0,0,0,0
Bacteria.Firmicutes.Clostridia.Clostridia_UCG-014.NA.NA.NA,0,0,1517,0,1398,1489,1658,351,91,0,0,0,951,0,743,4,0,0,0,51,949,0,91,1387,407,1037,225,882,602,2391,0,0,28,0,0,2173,144,646,1047,0,354,0,0,0,93,0,34,1486,129,159,387,0,122
Bacteria.Firmicutes.Clostridia.Clostridia_vadinBB60_group.NA.NA.NA,0,0,48,0,10,24,13,9,0,110,0,0,45,2,14,0,0,8,0,100,42,10,21,105,45,42,8,6,62,6,0,0,11,2,8,35,0,0,19,3,0,5,0,0,0,0,0,63,8,0,5,0,0
Bacteria.Firmicutes.Clostridia.Clostridiales.Clostridiaceae.Clostridium_sensu_stricto_1.butyricum,0,0,0,0,0,0,7,0,0,0,0,0,0,0,0,0,0,0,0,0,0,0,0,0,0,0,0,0,0,0,0,0,0,0,0,0,0,0,0,0,0,0,0,0,0,0,0,0,0,0,0,0,0
Bacteria.Firmicutes.Clostridia.Clostridiales.Clostridiaceae.Clostridium_sensu_stricto_1.NA,83,0,0,0,0,25,351,0,24,1104,0,0,0,12,0,40,0,0,77,125,0,36,250,0,113,210,608,52,19,126,200,44,152,116,341,0,40,0,826,72,22,0,61,0,0,198,46,42,380,0,374,0,7
Bacteria.Firmicutes.Clostridia.Clostridiales.Clostridiaceae.Clostridium_sensu_stricto_1.neonatale,0,0,0,0,0,0,0,0,0,0,0,0,0,0,0,0,0,0,0,0,0,0,0,0,0,0,0,0,0,0,0,0,0,0,0,0,0,0,0,468,0,0,0,0,0,0,0,0,0,0,0,0,0
Bacteria.Firmicutes.Clostridia.Clostridiales.Clostridiaceae.Clostridium_sensu_stricto_1.paraputrificum,0,0,0,0,0,0,0,0,0,0,0,0,0,0,0,0,0,0,0,0,0,0,0,0,0,0,0,0,0,0,0,0,0,0,0,0,0,0,0,0,0,0,5,0,0,0,0,0,0,0,0,0,0
Bacteria.Firmicutes.Clostridia.Clostridiales.Clostridiaceae.Clostridium_sensu_stricto_1.tertium,0,0,0,0,0,0,0,0,0,41,0,0,0,0,0,0,0,0,0,0,0,0,0,0,0,0,0,347,0,0,0,0,0,0,0,0,0,0,0,0,0,0,0,0,0,0,0,0,0,0,0,0,0
Bacteria.Firmicutes.Clostridia.Clostridiales.Clostridiaceae.Clostridium_sensu_stricto_3.NA,0,0,0,0,0,0,0,0,0,0,0,0,0,0,0,0,0,0,0,0,0,0,0,4,0,0,0,0,0,0,0,0,0,0,0,0,0,0,0,0,0,0,0,0,0,0,0,0,0,0,0,0,0
Bacteria.Firmicutes.Clostridia.Clostridiales.Clostridiaceae.NA.NA,0,0,0,0,0,0,0,0,0,2,0,0,0,0,0,0,0,0,0,0,0,0,0,0,0,0,0,0,0,0,0,0,0,0,0,0,0,0,0,0,0,0,0,0,0,0,0,0,0,0,0,0,0
Bacteria.Firmicutes.Clostridia.Clostridiales.Clostridiaceae.Sarcina.ventriculi,0,0,0,0,0,0,0,0,0,0,0,0,0,0,0,0,0,0,0,0,0,0,0,0,0,0,0,0,0,0,0,0,0,0,0,0,0,0,0,6,0,0,0,0,0,0,0,0,0,0,0,0,0
Bacteria.Firmicutes.Clostridia.Eubacteriales.Anaerofustaceae.Anaerofustis.NA,0,0,23,0,0,0,0,0,8,4,16,0,0,0,0,0,0,0,0,0,0,0,16,2,8,0,0,0,0,0,0,0,0,0,0,9,7,0,9,7,0,0,0,0,0,0,11,0,0,3,0,0,0
Bacteria.Firmicutes.Clostridia.Eubacteriales.Anaerofustaceae.Anaerofustis.stercorihominis,0,19,0,0,0,0,0,0,0,0,0,11,5,0,11,0,0,0,0,6,0,0,0,0,0,0,0,3,0,4,0,0,8,5,0,0,0,2,0,0,0,0,10,0,0,0,0,21,0,0,0,0,6
Bacteria.Firmicutes.Clostridia.Eubacteriales.Eubacteriaceae.Eubacterium.limosum,0,0,0,0,0,60,0,0,0,0,0,0,0,0,0,0,0,0,0,0,0,0,0,0,0,0,0,0,0,0,0,0,0,0,0,0,0,0,0,0,0,0,0,0,0,0,0,0,0,0,0,0,0
Bacteria.Firmicutes.Clostridia.Eubacteriales.Eubacteriaceae.Eubacterium.NA,0,0,0,0,0,0,0,0,0,0,19,0,0,0,0,0,0,0,0,0,58,0,0,0,5,0,0,0,0,0,0,0,0,3,99,0,0,0,12,0,0,0,0,0,0,0,0,0,6,0,0,0,3
Bacteria.Firmicutes.Clostridia.Lachnospirales.Defluviitaleaceae.Defluviitaleaceae_UCG-011.NA,0,7,21,0,8,35,22,6,0,51,0,8,18,0,5,0,0,0,0,5,0,5,9,2,6,5,3,6,0,8,2,0,5,6,19,3,0,0,0,27,0,32,4,16,17,6,0,43,47,0,8,29,0
Bacteria.Firmicutes.Clostridia.Lachnospirales.Lachnospiraceae.28-4.NA,0,0,0,2,0,0,0,0,0,0,0,0,0,0,0,0,0,0,0,0,0,0,0,0,0,0,0,0,0,0,0,0,0,0,0,0,0,0,0,0,0,0,0,0,0,0,0,0,0,0,0,0,0
Bacteria.Firmicutes.Clostridia.Lachnospirales.Lachnospiraceae.A2.NA,0,0,0,0,0,0,0,0,0,0,0,0,0,0,0,0,0,0,0,0,0,0,0,0,0,0,0,0,0,0,0,0,0,0,0,0,0,0,0,0,0,0,0,0,0,2,0,0,0,0,0,0,0
Bacteria.Firmicutes.Clostridia.Lachnospirales.Lachnospiraceae.Agathobacter.NA,4987,1465,2247,4263,4832,2349,2641,3329,687,1179,0,3684,965,454,2660,4094,4584,1906,1268,296,581,2221,752,1371,4502,1721,3319,2025,487,937,1273,1246,141,2342,600,834,1828,2360,1550,484,1162,4527,3801,2704,19,3055,2581,19,3402,5394,2024,178,4023
Bacteria.Firmicutes.Clostridia.Lachnospirales.Lachnospiraceae.Anaerobium.NA,0,0,0,0,0,0,0,0,0,0,0,0,0,0,0,0,0,0,0,0,0,0,0,0,0,0,0,0,0,0,0,0,0,0,0,0,0,0,0,0,0,0,2,0,0,0,0,0,0,0,0,0,0
Bacteria.Firmicutes.Clostridia.Lachnospirales.Lachnospiraceae.Anaerosporobacter.NA,0,0,0,0,0,0,70,0,0,0,0,0,0,0,0,0,0,0,0,0,0,0,0,0,0,0,0,0,0,9,0,0,0,0,0,0,0,0,0,0,0,0,0,0,0,0,0,0,0,0,0,0,0
Bacteria.Firmicutes.Clostridia.Lachnospirales.Lachnospiraceae.Anaerostipes.caccae,0,0,0,8,0,0,0,0,0,0,0,7,0,0,0,0,9,0,0,0,0,0,0,0,0,0,0,0,0,0,0,0,0,0,0,0,0,0,0,4,0,11,0,0,17,0,14,0,0,0,5,0,0
Bacteria.Firmicutes.Clostridia.Lachnospirales.Lachnospiraceae.Anaerostipes.hadrus,662,0,939,681,609,2150,1045,132,350,41,763,0,740,176,279,872,792,111,957,141,367,1610,535,362,1317,1842,289,300,151,529,323,920,94,1006,65,81,286,622,592,595,739,910,1037,1192,13071,816,0,354,557,1330,808,483,1383
Bacteria.Firmicutes.Clostridia.Lachnospirales.Lachnospiraceae.Anaerostipes.NA,190,0,296,627,316,561,540,177,222,0,0,27,447,357,73,363,569,0,1079,0,216,561,9,129,2,468,76,365,45,476,101,1056,0,587,396,248,349,262,118,223,196,387,713,434,154,238,0,218,502,629,487,378,625
Bacteria.Firmicutes.Clostridia.Lachnospirales.Lachnospiraceae.Blautia.faecis,251,729,300,470,224,395,141,138,434,285,38,125,974,279,73,194,370,115,225,523,795,226,245,474,360,295,379,78,28,179,205,250,307,655,291,505,35,418,128,493,244,510,560,334,189,441,291,706,1301,328,1282,734,116
Bacteria.Firmicutes.Clostridia.Lachnospirales.Lachnospiraceae.Blautia.glucerasea,0,0,0,952,0,0,0,0,2025,0,647,1636,0,0,0,0,0,0,0,0,0,0,0,0,0,0,0,0,0,0,0,17,0,0,0,0,392,0,0,0,21,25,165,0,32,19,0,0,0,0,0,0,0
Bacteria.Firmicutes.Clostridia.Lachnospirales.Lachnospiraceae.Blautia.hydrogenotrophica,148,33,66,0,0,0,0,0,0,86,153,96,0,0,38,0,5,0,8,0,0,12,0,0,20,0,0,0,0,0,0,0,157,167,10,0,34,6,0,22,22,0,82,38,0,0,0,152,20,0,64,0,0
Bacteria.Firmicutes.Clostridia.Lachnospirales.Lachnospiraceae.Blautia.luti,0,0,0,0,0,0,0,0,0,0,0,0,0,0,0,0,0,0,0,0,0,0,0,0,0,0,0,0,0,0,0,0,0,57,0,0,0,0,57,0,0,0,0,0,0,0,0,0,0,0,0,0,0
Bacteria.Firmicutes.Clostridia.Lachnospirales.Lachnospiraceae.Blautia.massiliensis,797,885,690,491,374,2014,920,337,134,431,1543,1849,426,531,191,1155,1191,402,1095,103,172,138,1562,673,524,40,327,117,76,842,548,1706,0,1123,525,391,243,164,287,1947,199,726,0,521,0,1875,892,331,741,782,592,170,1084
Bacteria.Firmicutes.Clostridia.Lachnospirales.Lachnospiraceae.Blautia.NA,933,2407,1351,5635,2846,2462,2489,1602,1437,450,4066,6254,5797,1614,429,1907,2118,832,1277,1054,2285,542,1213,422,1299,678,1655,1785,644,863,891,3429,824,1718,745,1534,4670,4128,956,2671,1661,3371,3001,4831,1010,3396,7827,1078,2912,1605,2459,797,6492
Bacteria.Firmicutes.Clostridia.Lachnospirales.Lachnospiraceae.Blautia.obeum,253,1065,279,0,69,154,312,439,1071,270,53,0,478,466,105,517,0,148,188,320,136,1302,262,151,275,258,141,325,45,287,293,169,1004,564,344,231,290,427,714,562,1203,553,65,1045,0,1520,81,225,2105,761,2338,895,111
Bacteria.Firmicutes.Clostridia.Lachnospirales.Lachnospiraceae.Blautia.stercoris,218,0,0,0,0,0,268,0,25,0,0,0,0,0,0,0,0,54,54,21,0,521,0,0,0,0,0,0,26,0,0,0,0,45,0,0,376,0,0,0,750,0,0,0,0,0,0,0,0,0,0,267,0
Bacteria.Firmicutes.Clostridia.Lachnospirales.Lachnospiraceae.CAG-56.NA,84,0,0,0,94,0,367,223,140,0,0,0,18,0,0,129,0,19,0,133,8,14,0,51,34,0,108,14,40,90,410,0,0,32,0,10,26,0,0,0,817,0,0,0,0,62,0,0,83,75,51,0,0
Bacteria.Firmicutes.Clostridia.Lachnospirales.Lachnospiraceae.Cellulosilyticum.lentocellum,0,0,0,0,0,0,0,0,0,0,0,0,0,0,0,0,0,0,0,0,0,0,0,0,0,0,0,0,0,0,0,0,0,0,0,0,0,0,0,23,0,0,0,0,0,0,0,0,0,0,0,0,0
Bacteria.Firmicutes.Clostridia.Lachnospirales.Lachnospiraceae.Coprococcus.catus,55,0,0,0,0,91,159,11,62,178,0,0,0,55,101,86,0,43,108,0,164,139,7,192,94,34,103,200,16,69,41,0,0,245,87,20,0,0,191,0,136,0,159,184,0,99,0,116,64,45,0,0,22
Bacteria.Firmicutes.Clostridia.Lachnospirales.Lachnospiraceae.Coprococcus.comes,497,0,0,881,351,142,287,61,0,26,0,0,397,42,106,185,0,591,0,20,883,311,230,724,173,0,200,171,0,204,213,0,0,549,28,52,812,0,281,21,638,0,201,569,29,704,339,24,170,176,371,131,1137
Bacteria.Firmicutes.Clostridia.Lachnospirales.Lachnospiraceae.Coprococcus.eutactus,0,0,194,0,0,0,0,1147,0,0,0,0,156,0,0,0,0,0,0,96,10,0,0,29,0,43,195,638,12,0,0,0,0,0,0,0,0,0,576,0,1167,0,44,0,0,0,7,0,0,0,0,0,0
Bacteria.Firmicutes.Clostridia.Lachnospirales.Lachnospiraceae.Coprococcus.NA,0,9,33,0,43,1478,2272,1724,0,0,0,0,521,0,115,138,0,896,372,177,0,0,0,1152,213,349,378,667,43,0,15,0,82,321,0,0,146,0,254,0,1946,0,0,0,0,476,502,0,0,52,0,0,0
Bacteria.Firmicutes.Clostridia.Lachnospirales.Lachnospiraceae.Dorea.formicigenerans,56,0,0,0,291,176,135,197,84,57,196,0,401,89,163,110,0,172,66,218,143,207,73,64,142,0,240,211,77,130,187,0,11,296,162,0,102,198,94,0,303,0,0,87,14,247,0,135,186,110,252,175,371
Bacteria.Firmicutes.Clostridia.Lachnospirales.Lachnospiraceae.Dorea.longicatena,3969,0,103,0,716,1200,213,846,89,383,96,15,435,243,793,527,0,910,216,120,285,151,0,87,1167,319,888,70,205,439,924,0,0,1604,1277,35,1281,191,499,506,473,555,141,0,0,1811,911,289,281,311,559,381,760
Bacteria.Firmicutes.Clostridia.Lachnospirales.Lachnospiraceae.Dorea.NA,0,0,0,98,0,0,0,166,0,0,196,0,0,42,0,0,175,0,39,8,3,0,0,0,184,0,0,0,0,59,40,47,0,0,0,7,232,114,0,0,128,325,0,84,0,2,437,0,575,0,213,82,104
Bacteria.Firmicutes.Clostridia.Lachnospirales.Lachnospiraceae.Eisenbergiella.massiliensis,0,0,0,142,0,0,0,0,0,0,30,131,0,0,0,0,19,0,0,0,0,16,34,0,0,0,0,0,0,0,0,12,0,0,20,24,14,0,0,41,10,22,8,0,12,0,6,22,10,10,0,0,0
Bacteria.Firmicutes.Clostridia.Lachnospirales.Lachnospiraceae.Eisenbergiella.NA,8,0,0,0,0,0,0,0,0,0,0,57,0,0,0,0,0,0,0,0,0,0,10,0,13,0,0,0,0,0,0,20,0,0,5,0,0,0,0,0,0,0,0,0,0,0,0,0,0,0,0,61,0
Bacteria.Firmicutes.Clostridia.Lachnospirales.Lachnospiraceae.Eisenbergiella.tayi,0,0,0,0,0,5,0,11,12,47,0,0,10,0,0,0,0,39,6,45,0,0,0,0,0,0,0,0,0,0,0,0,33,0,0,0,0,0,0,0,0,0,0,16,18,0,0,0,0,0,0,44,0
Bacteria.Firmicutes.Clostridia.Lachnospirales.Lachnospiraceae.FD2005.NA,0,0,0,0,0,0,0,0,0,0,205,0,0,0,0,0,0,0,0,0,0,0,0,0,0,0,0,0,0,0,0,0,0,0,0,0,0,0,0,0,0,0,0,0,0,0,0,0,0,0,0,0,0
Bacteria.Firmicutes.Clostridia.Lachnospirales.Lachnospiraceae.Frisingicoccus.caecimuris,0,0,0,0,0,0,0,0,0,0,0,102,0,0,0,0,14,0,0,0,0,0,0,0,0,0,0,0,0,0,0,0,0,0,0,0,0,0,0,0,0,0,0,0,0,58,0,0,0,0,0,0,0
Bacteria.Firmicutes.Clostridia.Lachnospirales.Lachnospiraceae.Frisingicoccus.NA,0,0,119,0,44,28,21,77,75,10,0,14,45,17,0,0,0,0,0,56,0,5,210,0,0,0,0,0,0,0,0,0,465,0,14,0,26,71,17,0,0,43,0,0,46,0,0,4,6,0,100,70,0
Bacteria.Firmicutes.Clostridia.Lachnospirales.Lachnospiraceae.Fusicatenibacter.NA,61,0,0,99,206,0,40,0,0,9,0,0,0,0,40,0,265,0,0,0,0,0,0,2,0,0,0,0,0,16,0,44,0,0,94,0,0,89,80,135,63,0,148,0,0,0,63,0,344,224,0,0,0
Bacteria.Firmicutes.Clostridia.Lachnospirales.Lachnospiraceae.Fusicatenibacter.saccharivorans,285,281,403,572,598,273,466,1061,167,288,257,0,174,176,176,744,1170,921,633,72,57,599,568,1131,670,377,514,840,140,383,860,0,10,1053,270,88,368,395,306,267,266,0,700,493,0,509,919,70,979,585,276,423,953
Bacteria.Firmicutes.Clostridia.Lachnospirales.Lachnospiraceae.GCA-900066575.NA,15,0,14,0,10,25,33,0,8,0,42,156,29,0,26,15,21,8,0,6,4,5,29,18,19,22,24,24,31,0,13,0,0,13,20,0,25,6,6,8,9,72,17,10,19,22,0,0,13,13,0,78,13
Bacteria.Firmicutes.Clostridia.Lachnospirales.Lachnospiraceae.GCA-900066755.NA,0,0,0,0,2,6,0,0,0,0,0,0,0,0,7,0,0,0,0,4,3,0,0,0,0,0,0,0,0,0,0,0,30,0,0,0,0,0,0,0,0,0,0,7,0,0,0,7,0,0,0,0,0
Bacteria.Firmicutes.Clostridia.Lachnospirales.Lachnospiraceae.Howardella.NA,0,25,0,0,0,0,0,0,0,0,0,0,0,0,0,0,0,42,0,0,107,0,272,35,0,0,53,0,21,0,0,0,0,0,0,0,0,0,84,0,45,0,0,185,0,0,0,0,0,0,0,0,0
Bacteria.Firmicutes.Clostridia.Lachnospirales.Lachnospiraceae.Hungatella.hathewayi,0,8,0,82,0,0,0,0,0,14,0,20,8,0,0,0,0,17,12,0,5,0,0,0,0,0,0,0,0,0,0,0,0,0,0,0,0,0,0,10,0,7,0,0,0,0,9,0,0,0,0,0,18
Bacteria.Firmicutes.Clostridia.Lachnospirales.Lachnospiraceae.Hungatella.NA,18,0,0,32,0,0,0,0,0,0,0,0,0,0,0,0,0,0,0,0,0,0,0,0,0,0,0,0,0,0,0,0,0,0,0,0,0,0,0,0,0,0,12,0,16,0,0,18,0,0,0,0,0
Bacteria.Firmicutes.Clostridia.Lachnospirales.Lachnospiraceae.Johnsonella.NA,0,0,0,0,0,0,0,0,0,0,0,0,0,0,0,0,0,0,0,0,0,0,0,0,0,0,0,0,0,0,0,0,0,0,0,0,0,0,0,0,5,0,0,0,0,0,0,0,0,0,0,0,0
Bacteria.Firmicutes.Clostridia.Lachnospirales.Lachnospiraceae.Lachnoclostridium.edouardi,17,76,0,0,99,74,77,81,33,0,0,46,22,19,32,14,213,50,0,64,0,25,0,10,61,115,119,60,18,0,115,0,0,84,0,0,53,135,0,44,142,163,695,238,0,24,0,0,15,116,0,145,68
Bacteria.Firmicutes.Clostridia.Lachnospirales.Lachnospiraceae.Lachnoclostridium.NA,92,1501,367,1258,151,892,1438,158,690,158,1819,936,197,151,453,306,360,231,659,168,87,171,533,64,169,369,178,80,17,100,207,1887,781,118,1224,303,923,356,64,413,444,586,1525,1066,1276,209,484,324,98,698,782,473,1039
Bacteria.Firmicutes.Clostridia.Lachnospirales.Lachnospiraceae.Lachnoclostridium.pacaense,0,0,0,0,0,0,0,0,0,0,0,0,0,0,0,0,14,0,0,0,0,0,0,0,0,0,0,0,0,0,0,10,0,0,0,0,0,0,0,0,0,0,0,0,42,0,0,0,0,0,0,0,0
Bacteria.Firmicutes.Clostridia.Lachnospirales.Lachnospiraceae.Lachnoclostridium.urinimassiliense,0,0,0,0,0,0,0,0,0,0,0,0,0,0,0,0,0,0,0,42,0,0,0,0,0,0,0,0,0,0,0,0,0,0,0,0,0,0,0,0,0,74,0,0,0,0,0,0,0,0,0,0,0
Bacteria.Firmicutes.Clostridia.Lachnospirales.Lachnospiraceae.Lachnospira.NA,0,50,18,0,132,242,1499,250,255,77,0,0,17,19,159,632,506,276,401,384,363,119,79,374,24,136,49,1173,429,166,24,59,17,0,4,189,0,146,53,0,144,367,38,547,201,30,0,11,26,1015,48,190,0
Bacteria.Firmicutes.Clostridia.Lachnospirales.Lachnospiraceae.Lachnospira.pectinoschiza,15,0,0,0,45,290,454,196,0,20,0,31,0,0,195,0,0,0,867,365,0,19,29,17,74,415,329,8,80,132,306,1885,5,0,0,0,70,46,94,234,189,123,116,757,0,0,45,0,0,743,6,8,4
Bacteria.Firmicutes.Clostridia.Lachnospirales.Lachnospiraceae.Lachnospiraceae_AC2044_group.NA,0,0,0,0,29,0,0,0,0,0,0,0,0,0,0,0,0,13,0,0,0,0,373,0,0,0,0,76,73,0,0,0,0,0,0,0,0,0,163,0,0,0,0,0,0,0,0,29,0,0,0,0,0
Bacteria.Firmicutes.Clostridia.Lachnospirales.Lachnospiraceae.Lachnospiraceae_FCS020_group.bacterium,19,0,0,0,56,54,19,0,0,0,0,0,16,0,12,0,0,34,26,0,295,0,388,0,0,0,53,0,0,47,25,0,0,67,0,0,14,77,35,0,10,0,0,0,0,57,0,0,30,0,46,0,0
Bacteria.Firmicutes.Clostridia.Lachnospirales.Lachnospiraceae.Lachnospiraceae_FCS020_group.NA,0,0,7,0,128,18,53,72,48,72,0,0,20,12,0,125,0,30,53,11,130,17,0,77,46,9,49,15,11,101,66,0,50,144,0,9,0,5,0,25,0,0,0,50,0,22,6,12,40,53,0,6,0
Bacteria.Firmicutes.Clostridia.Lachnospirales.Lachnospiraceae.Lachnospiraceae_ND3007_group.NA,7,226,18,0,245,175,1197,125,308,39,0,0,6,59,12,220,0,223,443,34,17,72,0,87,36,302,165,531,16,57,306,0,26,44,0,159,47,202,650,33,95,174,106,495,0,30,0,13,1288,446,79,175,132
Bacteria.Firmicutes.Clostridia.Lachnospirales.Lachnospiraceae.Lachnospiraceae_NK4A136_group.bacterium,25,114,0,0,114,0,134,104,45,0,0,34,0,0,101,0,0,324,53,0,103,0,0,69,0,562,134,0,0,149,0,26,11,13,0,0,0,347,0,283,16,227,0,0,0,234,0,0,13,387,46,466,0
Bacteria.Firmicutes.Clostridia.Lachnospirales.Lachnospiraceae.Lachnospiraceae_NK4A136_group.NA,29,182,85,0,709,885,466,198,46,40,44,0,466,54,18,51,24,635,33,583,64,429,221,492,158,834,383,509,364,169,243,0,39,33,34,25,165,548,310,137,245,50,0,0,0,138,0,52,261,254,233,511,31
Bacteria.Firmicutes.Clostridia.Lachnospirales.Lachnospiraceae.Lachnospiraceae_NK4B4_group.NA,0,18,34,0,0,0,62,0,21,0,0,0,8,0,0,0,0,0,0,254,0,0,0,0,0,0,0,0,0,0,0,0,0,0,3,26,0,0,131,0,0,0,0,0,0,26,0,77,26,0,0,0,0
Bacteria.Firmicutes.Clostridia.Lachnospirales.Lachnospiraceae.Lachnospiraceae_UCG-001.NA,0,0,0,0,22,0,361,509,0,14,0,0,29,0,0,0,58,57,0,20,0,29,0,255,12,312,0,0,8,90,90,0,8,0,0,0,0,88,0,0,1007,0,0,0,11,71,0,26,42,411,0,0,0
Bacteria.Firmicutes.Clostridia.Lachnospirales.Lachnospiraceae.Lachnospiraceae_UCG-002.NA,0,0,0,0,0,0,0,0,0,0,0,0,0,0,0,0,0,0,0,0,0,0,0,0,0,0,0,0,0,0,0,0,0,0,0,21,0,0,0,0,20,0,0,0,0,0,0,0,0,0,492,0,0
Bacteria.Firmicutes.Clostridia.Lachnospirales.Lachnospiraceae.Lachnospiraceae_UCG-003.NA,0,0,0,0,0,0,494,0,0,0,0,0,0,0,0,0,0,0,0,0,13,0,0,0,0,365,0,0,10,0,0,0,0,0,0,0,0,0,0,0,0,0,0,0,0,0,0,0,0,0,0,0,0
Bacteria.Firmicutes.Clostridia.Lachnospirales.Lachnospiraceae.Lachnospiraceae_UCG-004.NA,0,0,0,0,10,0,144,75,5,0,0,0,0,0,0,27,115,29,151,0,0,16,0,11,0,64,16,34,0,0,44,60,0,0,0,0,0,48,0,0,0,34,50,0,0,0,0,0,0,27,0,35,0
Bacteria.Firmicutes.Clostridia.Lachnospirales.Lachnospiraceae.Lachnospiraceae_UCG-010.NA,12,17,0,0,79,15,58,17,14,9,31,18,34,10,38,18,42,44,47,13,14,35,6,36,9,40,18,19,0,78,0,15,47,65,0,10,35,30,2,29,43,47,8,9,11,55,0,9,0,0,176,103,0
Bacteria.Firmicutes.Clostridia.Lachnospirales.Lachnospiraceae.Lactonifactor.longoviformis,0,0,0,0,0,0,0,0,17,0,0,0,0,0,0,0,0,0,0,8,0,0,0,5,0,0,0,0,0,0,0,0,0,0,0,0,0,0,0,0,0,14,0,0,7,0,17,0,11,0,0,0,0
Bacteria.Firmicutes.Clostridia.Lachnospirales.Lachnospiraceae.Lactonifactor.NA,0,0,0,0,0,0,0,0,0,0,0,0,0,0,0,0,2,0,0,0,0,0,0,0,0,0,0,0,0,0,0,0,0,0,0,0,0,0,0,0,0,0,0,0,0,0,0,0,0,0,0,0,0
Bacteria.Firmicutes.Clostridia.Lachnospirales.Lachnospiraceae.Marvinbryantia.formatexigens,0,0,0,0,0,0,0,0,0,0,0,0,0,0,0,0,0,0,0,0,0,0,10,0,0,0,0,0,0,0,0,0,0,0,0,0,0,0,0,0,0,0,0,0,0,0,0,0,0,0,0,0,0
Bacteria.Firmicutes.Clostridia.Lachnospirales.Lachnospiraceae.Marvinbryantia.NA,0,0,68,0,139,112,210,155,250,81,15,111,202,27,25,99,41,74,24,20,669,138,63,171,33,119,72,474,68,49,24,0,8,194,75,34,99,71,46,49,75,0,0,0,27,120,31,966,90,0,133,84,15
Bacteria.Firmicutes.Clostridia.Lachnospirales.Lachnospiraceae.NA.NA,2887,4637,2194,6688,2323,3921,2422,2739,3193,1971,3561,3184,3363,995,1229,1544,508,1435,3049,1481,4538,2527,2750,2055,1854,2578,1287,1913,474,1321,1403,216,528,3915,2165,1388,2668,2286,1654,3065,3847,2744,1652,5464,3450,3621,3130,2920,2056,2289,4449,4627,2814
Bacteria.Firmicutes.Clostridia.Lachnospirales.Lachnospiraceae.Robinsoniella.NA,0,0,0,0,0,0,3,0,0,0,0,0,0,0,0,0,0,0,0,0,0,0,0,0,0,0,0,0,0,0,0,0,0,0,0,0,0,0,0,0,0,0,0,0,0,0,0,0,0,0,0,0,0
Bacteria.Firmicutes.Clostridia.Lachnospirales.Lachnospiraceae.Roseburia.hominis,0,0,113,0,31,53,197,0,43,51,0,72,51,0,261,0,484,154,0,21,170,117,79,139,0,248,0,0,47,79,0,0,0,84,50,0,0,169,0,187,233,88,0,295,0,81,0,87,90,112,95,43,0
Bacteria.Firmicutes.Clostridia.Lachnospirales.Lachnospiraceae.Roseburia.intestinalis,42,0,0,204,57,48,189,149,126,0,200,0,131,0,116,0,0,589,4260,0,0,27,0,183,83,0,222,0,0,0,0,811,0,0,0,0,40,0,69,0,0,0,774,892,25,206,199,0,156,0,135,0,121
Bacteria.Firmicutes.Clostridia.Lachnospirales.Lachnospiraceae.Roseburia.inulinivorans,0,0,7,0,436,27,42,115,0,32,0,0,35,40,528,400,522,413,0,48,94,0,130,113,35,10,326,28,48,96,0,298,56,24,0,0,54,49,47,58,356,28,51,962,0,336,0,25,0,164,148,37,25
Bacteria.Firmicutes.Clostridia.Lachnospirales.Lachnospiraceae.Roseburia.NA,42,369,156,113,156,481,388,177,39,253,114,39,170,46,162,150,18,353,5,33,117,328,201,146,86,77,134,80,55,69,47,630,300,360,0,22,34,0,286,134,83,60,779,41,156,175,0,533,1158,0,163,133,0
Bacteria.Firmicutes.Clostridia.Lachnospirales.Lachnospiraceae.Sellimonas.NA,0,0,0,0,0,0,0,0,0,0,0,0,0,0,0,0,0,0,0,0,0,0,0,0,28,0,0,0,0,0,0,0,0,0,0,0,0,0,0,23,0,0,8,0,0,0,0,0,4,0,0,0,0
Bacteria.Firmicutes.Clostridia.Lachnospirales.Lachnospiraceae.Shuttleworthia.NA,0,32,41,0,0,19,48,0,72,6,0,0,0,18,0,10,0,0,0,21,0,0,9,0,0,58,6,8,0,9,0,18,7,0,0,0,28,12,0,36,0,0,23,0,0,0,0,0,0,7,0,100,0
Bacteria.Firmicutes.Clostridia.Lachnospirales.Lachnospiraceae.Tuzzerella.NA,0,421,0,0,0,0,0,0,388,0,61,167,152,0,0,0,0,0,0,0,96,233,0,0,0,0,0,5,0,60,0,0,0,0,0,5,0,90,0,14,0,377,0,0,0,318,0,14,0,20,0,0,5
Bacteria.Firmicutes.Clostridia.Lachnospirales.Lachnospiraceae.Tyzzerella.NA,0,0,0,0,0,0,45,0,0,0,18,8,0,0,8,0,0,0,0,0,0,0,0,0,0,570,9,0,0,0,0,0,0,0,0,0,75,6,0,251,0,0,0,0,0,0,0,0,0,0,0,0,0
Bacteria.Firmicutes.Clostridia.Lachnospirales.Lachnospiraceae.UC5-1-2E3.NA,0,0,0,0,0,13,0,0,0,13,0,0,0,0,0,0,0,0,0,0,0,0,40,0,0,0,0,0,0,0,0,0,2,0,0,0,13,0,0,19,0,2,0,0,4,0,0,0,0,0,7,0,0
Bacteria.Firmicutes.Clostridia.Monoglobales.Monoglobaceae.Monoglobus.NA,131,364,27,15,513,11,558,218,354,16,0,109,388,68,17,88,243,183,449,124,1260,212,38,294,90,262,242,394,126,230,66,760,10,76,3,212,308,250,360,94,293,78,100,1469,7,289,214,197,381,1148,100,330,12
Bacteria.Firmicutes.Clostridia.Monoglobales.Monoglobaceae.Monoglobus.pectinilyticus,0,0,270,106,0,0,0,89,0,38,0,247,51,0,0,0,0,0,0,0,0,167,8,28,12,0,9,148,0,0,0,0,125,0,0,0,42,0,0,263,7,467,31,155,167,0,0,681,316,0,0,193,0
Bacteria.Firmicutes.Clostridia.NA.NA.NA.NA,0,0,62,0,0,40,0,0,5,7,0,2,6,13,0,0,0,2,0,8,0,0,108,3,42,2,7,33,7,11,0,0,3,8,41,11,8,0,42,5,0,10,0,0,0,47,0,18,3,2,17,2,0
Bacteria.Firmicutes.Clostridia.Oscillospirales.Butyricicoccaceae.Butyricicoccus.NA,183,1516,0,20,301,162,172,163,394,28,423,164,115,9,155,553,29,58,583,94,1023,672,0,48,166,990,325,215,74,154,65,692,51,365,2,0,745,324,75,270,813,74,151,457,13,194,169,23,1223,507,54,79,421
Bacteria.Firmicutes.Clostridia.Oscillospirales.Butyricicoccaceae.NA.NA,0,0,3,0,0,0,0,0,0,0,0,0,0,0,0,0,0,0,0,0,0,10,0,0,2,0,0,0,0,0,0,0,0,0,0,0,0,0,0,0,0,0,0,0,0,0,0,0,0,0,0,0,0
Bacteria.Firmicutes.Clostridia.Oscillospirales.Butyricicoccaceae.UCG-008.NA,0,0,0,0,0,0,65,0,0,0,0,0,0,0,0,0,0,0,0,0,0,0,0,91,0,28,0,0,0,0,0,0,0,0,0,0,0,0,0,0,128,0,0,0,0,0,0,0,0,31,0,0,0
Bacteria.Firmicutes.Clostridia.Oscillospirales.Butyricicoccaceae.UCG-009.NA,0,0,8,0,8,24,49,0,0,0,0,2,0,0,0,0,0,0,0,3,0,0,11,13,5,0,22,9,0,10,10,0,0,0,0,0,0,0,16,0,0,0,0,0,0,0,0,0,0,0,0,10,0
Bacteria.Firmicutes.Clostridia.Oscillospirales.Ethanoligenenaceae.Acetanaerobacterium.NA,0,9,5,0,0,4,2,0,0,0,8,0,0,0,0,0,0,0,6,0,0,0,0,0,0,0,0,0,0,8,0,0,0,0,0,6,0,0,0,5,0,2,6,0,0,6,0,3,0,0,2,5,0
Bacteria.Firmicutes.Clostridia.Oscillospirales.NA.NA.NA,208,1173,1368,0,451,2409,340,437,312,2079,461,633,718,383,331,409,7,446,0,912,833,443,1564,346,885,609,387,722,148,753,290,0,53,912,472,549,89,421,894,811,869,452,261,0,229,788,41,3626,755,575,889,68,647
Bacteria.Firmicutes.Clostridia.Oscillospirales.Oscillospiraceae.Colidextribacter.massiliensis,0,0,0,0,0,18,36,0,0,0,0,0,0,0,0,0,0,38,0,0,0,0,0,0,0,0,16,0,0,14,0,0,0,0,0,0,0,0,0,0,14,0,0,0,0,0,0,0,0,0,6,0,0
Bacteria.Firmicutes.Clostridia.Oscillospirales.Oscillospiraceae.Colidextribacter.NA,0,0,211,0,70,34,100,113,32,99,86,262,63,82,92,12,45,7,104,98,25,71,81,74,108,103,63,93,8,160,12,0,113,146,34,86,96,60,83,309,61,38,156,46,62,61,0,188,132,0,176,27,18
Bacteria.Firmicutes.Clostridia.Oscillospirales.Oscillospiraceae.Flavonifractor.NA,0,0,0,0,22,9,6,0,0,0,21,0,0,0,52,7,66,0,63,14,0,12,12,0,22,0,27,0,0,73,11,0,7,0,5,11,0,18,0,10,0,37,0,104,14,9,0,21,0,9,0,0,0
Bacteria.Firmicutes.Clostridia.Oscillospirales.Oscillospiraceae.Flavonifractor.plautii,61,18,6,10,9,6,0,12,9,0,77,60,10,0,14,0,81,23,61,17,0,20,0,0,0,14,0,0,0,0,0,27,254,0,0,0,0,13,0,208,6,52,54,0,197,15,0,0,0,0,11,74,0
Bacteria.Firmicutes.Clostridia.Oscillospirales.Oscillospiraceae.Intestinimonas.butyriciproducens,0,0,0,0,0,0,0,0,8,0,0,5,0,0,3,0,0,0,0,0,0,5,32,16,0,0,0,14,0,0,0,0,151,0,0,34,0,0,0,36,0,9,0,7,0,11,0,0,0,0,0,14,0
Bacteria.Firmicutes.Clostridia.Oscillospirales.Oscillospiraceae.Intestinimonas.massiliensis,0,0,0,0,15,0,0,0,0,0,0,0,6,0,0,0,0,0,0,0,0,0,0,0,0,0,0,0,0,0,0,0,0,0,0,0,0,0,0,0,0,0,0,0,542,0,0,0,0,0,0,0,0
Bacteria.Firmicutes.Clostridia.Oscillospirales.Oscillospiraceae.Intestinimonas.NA,0,0,8,0,0,9,0,0,0,0,0,0,13,0,2,0,0,128,0,0,38,0,21,0,35,5,0,19,10,38,0,0,92,0,0,88,130,0,0,30,353,13,0,40,57,0,0,0,24,0,228,0,0
Bacteria.Firmicutes.Clostridia.Oscillospirales.Oscillospiraceae.NA.NA,262,118,384,429,115,438,145,140,452,260,345,218,200,133,129,104,85,4,46,213,6,175,318,58,134,30,93,13,11,162,56,17,363,295,269,138,5,108,200,235,14,204,105,281,184,352,5,615,358,80,8,317,241
Bacteria.Firmicutes.Clostridia.Oscillospirales.Oscillospiraceae.NK4A214_group.NA,0,0,1170,0,120,725,899,175,29,129,0,12,142,48,44,6,0,221,0,121,29,0,769,199,169,262,202,427,22,211,24,0,0,1388,229,303,77,6,770,410,82,68,0,45,518,89,0,264,740,0,84,5,0
Bacteria.Firmicutes.Clostridia.Oscillospirales.Oscillospiraceae.Oscillibacter.NA,42,104,22,42,57,214,157,139,114,16,79,70,92,0,516,98,85,95,259,42,16,155,18,60,263,96,13,26,25,974,19,8,1010,38,6,65,9,102,149,817,9,119,147,269,236,60,0,36,28,72,9,22,10
Bacteria.Firmicutes.Clostridia.Oscillospirales.Oscillospiraceae.Oscillospira.NA,0,6,0,0,0,0,23,6,9,6,0,4,0,0,0,16,0,0,6,6,0,36,0,0,12,0,0,0,0,14,7,0,25,0,0,0,0,0,18,47,0,0,10,0,0,0,0,0,0,0,0,15,0
Bacteria.Firmicutes.Clostridia.Oscillospirales.Oscillospiraceae.Papillibacter.NA,0,0,0,0,0,0,0,0,0,0,0,0,0,0,0,0,0,0,0,0,10,0,0,0,0,0,0,0,0,3,0,0,3,0,0,0,0,0,0,0,0,0,0,0,0,0,0,0,6,0,4,0,0
Bacteria.Firmicutes.Clostridia.Oscillospirales.Oscillospiraceae.Pseudoflavonifractor.capillosus,0,0,0,0,6,0,0,0,0,0,0,0,0,0,0,0,0,0,0,0,0,0,0,0,0,0,0,0,0,0,0,0,0,0,0,0,0,0,0,0,0,0,0,0,0,0,0,0,0,0,0,0,0
Bacteria.Firmicutes.Clostridia.Oscillospirales.Oscillospiraceae.Pseudoflavonifractor.NA,0,2,0,0,0,0,0,0,0,0,0,0,0,4,0,0,0,0,0,0,0,0,0,0,0,0,0,0,0,21,0,0,0,0,0,0,0,0,0,11,0,0,0,0,0,0,0,0,0,0,0,0,0
Bacteria.Firmicutes.Clostridia.Oscillospirales.Oscillospiraceae.Sporobacter.NA,0,0,2,0,0,0,0,0,0,0,0,0,0,0,0,0,0,0,0,0,0,0,0,0,0,0,0,0,0,0,0,0,0,0,0,0,0,0,0,0,0,0,0,0,0,0,0,0,0,0,0,0,0
Bacteria.Firmicutes.Clostridia.Oscillospirales.Oscillospiraceae.UCG-002.NA,212,497,346,0,660,2137,513,448,36,2494,0,0,1579,53,2079,211,0,806,0,733,588,512,1818,3403,1143,269,919,730,914,3656,282,0,397,1060,106,1247,12,153,532,0,145,333,0,117,0,834,17,2148,62,52,401,382,12
Bacteria.Firmicutes.Clostridia.Oscillospirales.Oscillospiraceae.UCG-003.NA,0,0,29,0,76,8,122,61,0,192,0,0,108,0,35,25,0,407,0,19,0,154,74,80,0,32,118,24,28,64,25,0,0,94,0,132,0,0,14,0,0,0,0,0,0,87,0,10,0,0,0,44,0
Bacteria.Firmicutes.Clostridia.Oscillospirales.Oscillospiraceae.UCG-005.NA,0,4,884,0,118,676,711,156,34,165,2,0,249,12,68,10,8,96,15,87,50,56,278,495,67,213,262,1057,116,83,100,0,121,54,73,36,63,68,406,125,86,62,3,4,161,100,6,1681,236,13,368,28,3
Bacteria.Firmicutes.Clostridia.Oscillospirales.Oscillospiraceae.UCG-007.NA,0,0,0,0,0,0,0,0,0,0,0,0,0,0,0,0,0,0,0,0,0,0,0,0,0,8,0,0,0,6,0,0,0,0,0,0,0,0,0,0,0,0,0,0,0,0,0,0,0,0,4,0,0
Bacteria.Firmicutes.Clostridia.Oscillospirales.Oscillospirales_fa.Hydrogenoanaerobacterium.NA,0,0,16,0,0,4,9,0,0,5,0,0,0,0,0,0,0,0,0,2,0,0,8,0,0,0,2,18,5,0,0,0,0,0,0,16,0,0,0,0,0,0,0,0,0,0,0,0,0,0,0,0,0
Bacteria.Firmicutes.Clostridia.Oscillospirales.Ruminococcaceae.Anaerofilum.NA,0,10,7,0,0,12,5,0,4,18,0,0,3,2,10,0,0,0,0,14,5,3,13,0,4,4,0,4,0,22,0,0,0,0,0,7,8,0,8,9,13,0,0,0,0,9,0,0,0,0,6,12,0
Bacteria.Firmicutes.Clostridia.Oscillospirales.Ruminococcaceae.Anaerotruncus.colihominis,0,6,0,15,6,0,0,0,0,0,6,6,11,7,7,0,0,0,6,13,0,16,0,0,0,0,0,0,0,0,0,0,19,10,0,29,0,0,0,24,0,0,0,0,0,0,0,9,0,0,8,0,0
Bacteria.Firmicutes.Clostridia.Oscillospirales.Ruminococcaceae.Anaerotruncus.NA,2,0,13,0,0,8,0,0,4,37,0,0,0,0,0,0,0,0,0,11,2,0,6,0,10,0,0,0,0,5,0,0,25,0,25,100,11,0,3,0,0,10,0,0,0,5,0,33,0,0,0,0,0
Bacteria.Firmicutes.Clostridia.Oscillospirales.Ruminococcaceae.Anaerotruncus.rubiinfantis,0,0,0,0,0,0,0,0,0,7,0,0,0,0,0,0,0,0,0,0,0,0,0,0,0,0,3,0,0,0,0,0,0,0,0,0,0,0,0,0,0,0,3,0,0,0,0,0,0,0,0,0,0
Bacteria.Firmicutes.Clostridia.Oscillospirales.Ruminococcaceae.Angelakisella.NA,0,0,0,0,0,0,0,0,0,0,0,0,0,0,0,0,0,7,0,0,0,0,0,0,0,8,0,0,0,4,0,0,0,0,0,0,0,0,0,0,0,0,0,0,0,10,0,2,0,0,0,0,0
Bacteria.Firmicutes.Clostridia.Oscillospirales.Ruminococcaceae.CAG-352.NA,0,0,0,0,0,0,0,0,0,0,0,0,0,0,0,0,0,0,0,203,0,0,0,0,0,0,0,356,0,468,0,0,0,0,0,0,0,0,589,0,0,0,0,0,0,0,0,0,126,0,0,0,0
Bacteria.Firmicutes.Clostridia.Oscillospirales.Ruminococcaceae.Candidatus_Soleaferrea.NA,6,17,43,28,8,30,0,0,7,4,18,13,5,2,5,6,5,0,4,26,16,10,25,8,0,4,12,6,0,10,0,0,9,11,0,14,2,0,2,7,8,6,16,6,0,18,3,13,0,5,4,0,24
Bacteria.Firmicutes.Clostridia.Oscillospirales.Ruminococcaceae.Caproiciproducens.NA,0,0,0,0,0,12,10,0,0,57,0,3,4,0,6,6,0,0,0,0,0,5,0,8,5,0,0,2,0,27,4,0,0,5,0,3,0,0,0,24,0,0,0,0,0,129,0,0,5,0,0,0,6
Bacteria.Firmicutes.Clostridia.Oscillospirales.Ruminococcaceae.DTU089.NA,63,8,5,30,0,31,4,17,16,6,56,25,0,41,2,6,6,0,0,0,0,0,27,3,51,0,0,5,0,26,2,0,6,36,15,12,0,8,133,144,18,9,15,10,0,0,16,32,16,0,15,0,40
Bacteria.Firmicutes.Clostridia.Oscillospirales.Ruminococcaceae.Faecalibacterium.NA,606,3871,204,0,557,184,1341,1128,382,405,1355,394,2248,328,669,2566,5298,848,1464,76,370,551,407,770,1389,876,1875,635,272,806,1270,1667,547,797,117,1298,873,3048,319,632,507,1491,7887,0,0,2960,9,138,1652,2811,223,1770,331
Bacteria.Firmicutes.Clostridia.Oscillospirales.Ruminococcaceae.Faecalibacterium.prausnitzii,2221,4872,239,0,2123,1304,4201,4481,4917,418,0,628,1394,727,3782,4866,287,3190,3924,748,1337,4429,923,1810,2507,6543,3998,1867,1138,4414,5139,4548,1961,2924,530,1635,3426,3160,1077,610,6897,1017,457,0,0,7068,62,403,1430,6843,322,6538,1527
Bacteria.Firmicutes.Clostridia.Oscillospirales.Ruminococcaceae.Fournierella.NA,0,0,0,0,0,0,10,0,16,0,0,3,0,0,0,0,0,9,0,0,3,0,39,72,0,0,101,0,0,0,0,11,0,0,0,0,0,0,0,0,6,0,0,0,0,0,0,0,0,0,0,0,0
Bacteria.Firmicutes.Clostridia.Oscillospirales.Ruminococcaceae.Harryflintia.acetispora,0,4,0,0,0,0,0,0,0,0,0,0,0,0,0,0,0,0,0,10,0,0,0,0,0,0,0,0,0,0,0,0,0,0,0,0,4,0,0,0,0,0,0,0,0,0,0,0,0,0,0,0,0
Bacteria.Firmicutes.Clostridia.Oscillospirales.Ruminococcaceae.Incertae_Sedis.NA,1159,238,2783,2835,242,706,541,584,1069,307,217,1416,252,980,379,55,245,63,355,55,57,126,179,255,185,21,235,114,28,375,144,139,458,199,659,614,236,410,857,1980,390,277,418,461,267,206,14,580,480,150,880,261,331
Bacteria.Firmicutes.Clostridia.Oscillospirales.Ruminococcaceae.NA.NA,28,80,411,268,372,847,1327,87,288,82,84,420,398,139,54,27,29,221,5,924,743,240,714,689,646,210,413,1656,1517,811,34,9,3590,39,130,838,122,25,505,135,133,92,104,213,76,70,8,489,88,7,396,684,40
Bacteria.Firmicutes.Clostridia.Oscillospirales.Ruminococcaceae.Negativibacillus.massiliensis,0,0,0,0,0,0,0,47,360,0,0,61,0,0,0,0,0,0,0,0,0,0,0,0,13,0,0,0,0,0,0,0,0,0,0,0,0,18,0,0,264,0,0,0,0,0,0,0,0,0,0,0,0
Bacteria.Firmicutes.Clostridia.Oscillospirales.Ruminococcaceae.Negativibacillus.NA,78,0,12,0,87,189,51,14,0,260,137,0,32,0,80,0,0,129,0,41,0,47,47,0,0,0,0,0,0,42,0,0,391,424,19,10,420,0,19,187,0,170,401,0,21,164,0,17,12,0,109,0,38
Bacteria.Firmicutes.Clostridia.Oscillospirales.Ruminococcaceae.Paludicola.NA,8,0,42,0,7,6,12,0,3,23,4,12,0,8,8,0,4,5,0,56,18,9,95,32,14,0,0,227,0,48,0,0,47,0,0,0,0,4,16,0,0,9,0,6,6,29,0,97,4,0,16,11,0
Bacteria.Firmicutes.Clostridia.Oscillospirales.Ruminococcaceae.Phocea.massiliensis,4,0,0,0,0,0,4,0,0,3,0,6,0,0,0,0,13,7,0,6,0,0,0,0,0,0,7,0,0,6,2,0,8,0,0,0,0,3,0,0,0,10,0,3,0,17,6,0,0,0,0,3,9
Bacteria.Firmicutes.Clostridia.Oscillospirales.Ruminococcaceae.Phocea.NA,0,0,0,0,0,0,0,0,0,0,0,0,0,2,0,0,0,0,0,0,0,0,0,0,0,0,0,0,0,0,0,0,0,0,0,0,0,0,0,5,0,0,0,0,0,0,0,0,0,0,0,0,0
Bacteria.Firmicutes.Clostridia.Oscillospirales.Ruminococcaceae.Pygmaiobacter.NA,0,14,9,0,0,13,0,0,0,0,0,0,0,0,0,0,0,4,0,0,5,0,24,16,0,0,0,0,0,0,0,0,0,0,0,0,12,0,0,0,0,0,0,0,0,10,0,0,0,0,0,8,0
Bacteria.Firmicutes.Clostridia.Oscillospirales.Ruminococcaceae.Ruminococcus.bicirculans,0,109,179,0,2461,0,0,28,0,275,0,0,0,0,0,452,0,0,0,0,0,0,0,41,0,0,0,0,0,0,403,36,0,0,0,0,0,459,56,0,0,132,0,0,154,0,0,0,766,0,0,0,0
Bacteria.Firmicutes.Clostridia.Oscillospirales.Ruminococcaceae.Ruminococcus.bromii,0,0,3029,0,0,933,69,1488,0,1650,0,431,0,1342,501,0,0,0,877,0,1576,1204,0,0,2409,0,359,516,219,0,2383,572,0,0,1732,992,0,1607,370,0,0,1977,0,0,0,0,58,0,0,1769,1778,0,0
Bacteria.Firmicutes.Clostridia.Oscillospirales.Ruminococcaceae.Ruminococcus.callidus,0,0,0,0,0,0,0,0,0,0,0,0,0,0,0,0,0,328,0,0,0,0,0,0,0,0,0,0,0,0,0,0,0,215,0,0,0,0,0,0,0,0,0,0,0,0,0,0,0,0,0,0,0
Bacteria.Firmicutes.Clostridia.Oscillospirales.Ruminococcaceae.Ruminococcus.champanellensis,0,0,0,0,0,0,0,0,0,0,0,54,0,0,0,0,0,0,0,0,0,0,284,0,0,0,0,15,0,0,0,0,360,0,0,0,0,0,0,0,0,0,0,0,0,0,18,0,0,0,0,0,0
Bacteria.Firmicutes.Clostridia.Oscillospirales.Ruminococcaceae.Ruminococcus.NA,19,2357,293,0,486,226,4359,867,0,849,0,123,1028,376,94,689,0,1625,846,216,70,4,2405,914,1846,3751,776,1805,132,832,313,0,0,790,423,262,25,648,1684,1026,699,0,571,0,96,3097,0,6896,789,784,938,10,8
Bacteria.Firmicutes.Clostridia.Oscillospirales.Ruminococcaceae.Subdoligranulum.NA,552,496,1207,1239,737,1505,1352,1665,667,1224,0,0,1603,1225,297,1108,386,897,423,8,3405,601,1965,2497,880,866,755,694,492,631,1666,313,576,3942,446,11,2042,745,1109,0,1155,1053,408,3428,0,358,11,3100,1780,731,728,673,521
Bacteria.Firmicutes.Clostridia.Oscillospirales.Ruminococcaceae.UBA1819.NA,9,41,192,271,7,32,0,4,27,117,73,48,24,13,54,12,7,15,30,112,56,14,41,12,10,20,3,10,0,46,14,0,72,21,130,32,7,25,8,130,11,7,26,53,70,96,11,131,8,12,93,47,4
Bacteria.Firmicutes.Clostridia.Oscillospirales.UCG-010.NA.NA,0,0,1133,0,111,109,309,37,0,81,0,0,134,15,0,0,0,30,0,20,136,5,119,834,110,337,33,165,59,230,0,0,0,0,175,36,7,3,405,0,0,6,0,0,0,10,0,410,7,0,45,3,0
Bacteria.Firmicutes.Clostridia.Peptococcales.Peptococcaceae.NA.NA,0,16,5,0,11,128,78,5,14,0,0,71,16,0,0,0,0,28,0,0,0,9,61,0,28,61,5,4,8,9,0,0,0,0,34,19,3,7,108,0,0,98,0,0,39,13,0,206,12,0,32,11,0
Bacteria.Firmicutes.Clostridia.Peptococcales.Peptococcaceae.Peptococcus.NA,0,0,635,0,0,0,0,0,10,0,0,0,15,0,0,0,0,5,0,7,0,0,0,60,0,0,0,0,0,2,0,0,0,0,0,0,2,0,5,0,2,0,26,0,0,0,10,0,377,0,0,0,0
Bacteria.Firmicutes.Clostridia.Peptostreptococcales-Tissierellales.Anaerovoracaceae.Anaerovorax.NA,0,0,0,0,0,0,0,0,0,0,0,0,0,0,0,0,0,0,0,0,0,0,4,0,0,5,0,0,0,0,0,0,0,0,0,0,0,0,0,0,0,0,0,0,0,0,0,0,0,0,0,0,0
Bacteria.Firmicutes.Clostridia.Peptostreptococcales-Tissierellales.Anaerovoracaceae.Family_XIII_AD3011_group.NA,79,83,686,0,75,129,50,15,175,174,60,48,165,29,72,29,18,96,7,73,401,81,140,93,83,22,49,83,8,203,9,0,86,228,148,68,52,43,269,190,57,17,4,45,220,224,50,603,112,0,209,8,77
Bacteria.Firmicutes.Clostridia.Peptostreptococcales-Tissierellales.Anaerovoracaceae.Family_XIII_UCG-001.NA,0,45,23,0,48,74,61,9,108,15,32,32,9,13,22,31,17,27,0,26,4,47,119,8,25,41,21,18,0,25,19,5,35,21,16,13,23,31,19,27,84,16,0,0,5,31,0,18,49,0,23,0,0
Bacteria.Firmicutes.Clostridia.Peptostreptococcales-Tissierellales.Anaerovoracaceae.Mogibacterium.NA,0,2,0,0,0,0,0,0,0,0,0,0,0,0,0,0,0,0,0,0,0,0,0,0,0,0,0,0,0,0,0,0,0,0,0,0,0,0,0,0,0,0,0,0,0,0,0,0,0,0,0,0,0
Bacteria.Firmicutes.Clostridia.Peptostreptococcales-Tissierellales.Anaerovoracaceae.NA.NA,62,205,84,0,21,142,28,12,71,36,146,16,130,18,74,0,0,0,35,86,42,7,48,0,20,7,0,5,0,145,11,0,44,104,64,38,48,27,24,45,66,92,13,14,219,101,0,223,113,4,41,3,189
Bacteria.Firmicutes.Clostridia.Peptostreptococcales-Tissierellales.Anaerovoracaceae.S5-A14a.NA,0,0,0,0,0,0,0,0,0,0,0,0,0,0,0,0,0,0,0,0,0,0,0,0,0,0,0,0,0,0,0,0,0,0,0,0,0,0,6,0,0,0,0,0,0,0,0,0,0,0,0,0,0
Bacteria.Firmicutes.Clostridia.Peptostreptococcales-Tissierellales.Peptostreptococcaceae.Intestinibacter.bartlettii,130,5,82,129,0,0,0,13,0,7,0,13,0,60,17,0,201,0,546,33,37,0,39,57,18,60,50,76,0,178,22,12,185,18,0,0,0,29,225,266,18,8,90,615,55,0,0,22,11,0,29,0,0
Bacteria.Firmicutes.Clostridia.Peptostreptococcales-Tissierellales.Peptostreptococcaceae.Intestinibacter.NA,0,0,0,8,0,0,0,0,0,0,0,0,0,3,0,0,0,0,0,0,0,0,0,0,0,0,0,0,0,0,0,0,0,0,0,0,0,0,0,0,0,0,0,0,0,0,0,0,0,0,0,0,0
Bacteria.Firmicutes.Clostridia.Peptostreptococcales-Tissierellales.Peptostreptococcaceae.NA.NA,0,0,0,0,0,0,0,0,0,0,0,0,0,6,0,0,0,0,0,0,0,0,0,0,0,0,0,0,0,0,0,0,0,0,0,0,0,0,0,0,0,0,0,0,0,0,0,0,0,2,0,2,0
Bacteria.Firmicutes.Clostridia.Peptostreptococcales-Tissierellales.Peptostreptococcaceae.Paeniclostridium.NA,0,0,0,0,0,0,0,0,0,0,0,0,0,0,0,5,0,0,0,0,0,0,0,0,0,0,0,0,0,0,0,0,0,0,0,0,0,0,0,0,0,0,0,0,0,0,0,0,0,0,0,0,0
Bacteria.Firmicutes.Clostridia.Peptostreptococcales-Tissierellales.Peptostreptococcaceae.Romboutsia.NA,173,27,290,179,14,26,162,178,95,687,349,194,127,0,21,51,0,146,398,514,84,44,1127,32,233,11,380,132,0,369,468,820,411,953,914,19,339,65,363,152,153,269,694,174,0,15,85,1097,257,597,2166,78,23
Bacteria.Firmicutes.Clostridia.Peptostreptococcales-Tissierellales.Peptostreptococcaceae.Romboutsia.sedimentorum,0,0,0,0,0,0,0,0,0,0,0,0,0,30,0,0,0,0,0,0,0,0,0,0,0,0,0,0,0,0,0,0,0,0,106,0,0,0,0,0,0,0,0,0,0,0,0,0,0,0,0,0,0
Bacteria.Firmicutes.Clostridia.Peptostreptococcales-Tissierellales.Peptostreptococcaceae.Sporacetigenium.NA,0,0,0,0,0,0,0,0,0,0,0,0,0,0,0,0,0,0,0,0,0,0,0,0,0,0,0,0,0,0,0,0,0,0,0,0,0,0,0,2,0,0,0,0,0,0,0,0,0,0,0,0,0
Bacteria.Firmicutes.Clostridia.Peptostreptococcales-Tissierellales.Peptostreptococcaceae.Terrisporobacter.mayombei,0,0,0,0,0,0,0,0,0,0,57,0,0,0,0,0,0,0,0,0,0,0,0,0,0,0,0,0,0,0,0,0,0,0,15,0,0,0,0,0,0,0,9,0,0,0,0,0,0,0,0,0,0
Bacteria.Firmicutes.Clostridia.Peptostreptococcales-Tissierellales.Peptostreptococcaceae.Terrisporobacter.NA,0,0,0,0,0,0,0,46,0,35,0,0,0,0,0,0,0,0,0,18,0,0,57,0,26,27,22,13,0,135,0,0,34,0,0,0,0,0,30,0,10,0,0,0,0,0,15,30,0,0,0,0,0
Bacteria.Firmicutes.Clostridia.Peptostreptococcales-Tissierellales.Peptostreptococcales-Tissierellales_fa.Anaerococcus.NA,0,0,0,0,0,0,0,0,0,0,0,0,0,0,0,0,0,0,0,0,0,0,0,0,0,0,0,0,0,0,0,0,0,0,17,0,0,0,5,0,0,0,0,0,3,0,0,4,0,0,0,0,0
Bacteria.Firmicutes.Clostridia.Peptostreptococcales-Tissierellales.Peptostreptococcales-Tissierellales_fa.Ezakiella.NA,0,0,0,0,0,0,0,0,0,0,0,0,0,0,0,0,0,0,0,0,0,0,0,0,0,0,0,0,0,0,0,0,0,0,0,0,0,0,0,0,0,0,0,0,2,0,0,0,0,0,0,0,0
Bacteria.Firmicutes.Clostridia.Peptostreptococcales-Tissierellales.Peptostreptococcales-Tissierellales_fa.Fenollaria.NA,0,0,7,0,0,0,0,0,0,0,0,0,0,0,0,0,0,0,0,0,0,0,0,0,0,0,0,0,0,0,0,0,0,0,3,0,0,0,0,0,0,0,0,0,5,0,0,5,0,0,0,0,0
Bacteria.Firmicutes.Clostridia.Peptostreptococcales-Tissierellales.Peptostreptococcales-Tissierellales_fa.Finegoldia.NA,0,0,0,0,0,3,0,0,0,0,0,0,0,0,0,0,0,0,0,0,0,0,3,0,0,0,0,0,0,0,0,0,0,0,0,0,0,0,0,0,0,0,0,0,3,0,0,0,0,0,0,0,5
Bacteria.Firmicutes.Clostridia.Peptostreptococcales-Tissierellales.Peptostreptococcales-Tissierellales_fa.Parvimonas.NA,0,0,0,0,0,0,0,0,0,0,0,0,0,0,0,0,0,0,0,0,0,0,0,0,0,0,0,0,0,0,0,0,0,0,0,0,0,0,0,2,6,0,0,0,0,0,0,0,0,0,0,0,0
Bacteria.Firmicutes.Clostridia.Peptostreptococcales-Tissierellales.Peptostreptococcales-Tissierellales_fa.Peptoniphilus.NA,0,0,0,0,0,0,0,0,0,0,0,0,0,0,0,0,2,0,0,0,0,0,0,0,2,0,0,0,0,0,0,0,0,0,8,0,0,0,0,0,0,0,0,0,10,0,0,0,0,0,0,0,0
Bacteria.Firmicutes.Incertae_Sedis.DTU014.NA.NA.NA,0,0,11,0,18,0,16,0,20,0,0,0,26,6,0,0,0,0,0,89,0,0,38,19,7,0,5,20,0,9,0,0,0,0,0,36,0,0,0,5,0,0,0,0,0,0,0,4,0,0,0,0,0
Bacteria.Firmicutes.NA.NA.NA.NA.NA,0,0,15,0,0,0,0,0,0,10,0,0,0,7,0,0,0,0,0,3,6,0,0,7,0,0,0,0,0,0,0,0,0,0,0,0,0,0,2,0,0,0,0,0,0,0,0,6,6,0,0,0,0
Bacteria.Firmicutes.Negativicutes.Acidaminococcales.Acidaminococcaceae.Acidaminococcus.fermentans,0,0,0,0,0,0,0,0,0,0,0,0,0,0,0,0,0,0,0,0,0,0,0,0,0,0,0,0,0,0,326,0,0,0,0,0,0,0,0,0,0,0,0,0,0,0,0,0,0,0,0,0,0
Bacteria.Firmicutes.Negativicutes.Acidaminococcales.Acidaminococcaceae.Acidaminococcus.intestini,0,0,0,0,0,0,0,0,0,0,10,0,0,0,0,0,0,0,0,0,0,0,0,0,0,0,40,0,0,0,0,0,0,0,0,276,5,0,110,0,0,0,0,0,0,0,870,0,0,0,0,0,17
Bacteria.Firmicutes.Negativicutes.Acidaminococcales.Acidaminococcaceae.Acidaminococcus.NA,0,0,0,0,0,0,0,0,0,0,0,0,0,0,0,0,0,0,0,0,0,0,0,0,0,0,0,0,0,0,0,0,0,0,0,0,0,0,5,0,0,0,0,0,0,0,0,0,0,0,0,0,0
Bacteria.Firmicutes.Negativicutes.Acidaminococcales.Acidaminococcaceae.Phascolarctobacterium.faecium,0,1208,0,0,1083,2318,863,694,1913,900,1242,195,515,51,12,1203,926,0,0,0,1624,170,1326,25,107,0,0,1002,88,0,0,0,0,0,10,0,421,885,0,0,0,0,0,0,0,0,0,771,0,914,616,1087,667
Bacteria.Firmicutes.Negativicutes.Acidaminococcales.Acidaminococcaceae.Phascolarctobacterium.NA,0,23,0,0,0,0,45,0,0,0,223,714,340,0,278,0,277,1191,0,0,259,609,0,0,2,0,752,0,13,505,0,0,0,759,0,0,0,0,0,0,1080,0,0,0,0,769,17,0,0,0,0,0,0
Bacteria.Firmicutes.Negativicutes.Acidaminococcales.Acidaminococcaceae.Phascolarctobacterium.succinatutens,0,0,0,0,0,0,0,0,0,0,0,0,0,0,0,0,0,0,0,0,0,0,0,0,0,0,167,0,0,395,0,0,0,0,0,0,0,0,0,0,303,0,0,0,0,0,0,0,0,0,0,0,0
Bacteria.Firmicutes.Negativicutes.Acidaminococcales.Acidaminococcaceae.Succiniclasticum.NA,0,0,0,0,0,0,0,0,0,0,0,0,0,0,0,0,0,0,0,1610,0,0,0,0,0,0,0,0,0,0,1637,0,0,0,0,3,0,0,0,0,0,0,0,0,0,0,0,0,0,0,0,0,0
Bacteria.Firmicutes.Negativicutes.Veillonellales-Selenomonadales.Selenomonadaceae.Megamonas.funiformis,0,0,0,0,4026,0,0,0,34,0,0,0,0,0,517,0,0,0,0,0,0,0,0,0,0,0,0,0,0,0,0,0,0,0,0,0,0,0,0,0,0,0,0,0,0,0,0,0,0,0,0,0,0
Bacteria.Firmicutes.Negativicutes.Veillonellales-Selenomonadales.Selenomonadaceae.Megamonas.NA,0,0,0,0,215,0,0,0,188,0,0,0,0,0,12,0,0,0,0,0,0,0,0,0,0,0,0,0,0,0,0,0,0,0,0,0,0,0,0,0,0,0,0,0,0,0,0,0,0,0,0,0,0
Bacteria.Firmicutes.Negativicutes.Veillonellales-Selenomonadales.Selenomonadaceae.Mitsuokella.jalaludinii,0,0,0,0,0,0,0,0,0,0,0,0,0,0,0,0,0,0,0,0,0,0,0,58,0,0,0,0,0,0,44,0,0,0,0,0,0,0,0,0,0,0,0,0,0,0,0,0,0,0,0,0,0
Bacteria.Firmicutes.Negativicutes.Veillonellales-Selenomonadales.Selenomonadaceae.Mitsuokella.NA,0,0,0,0,0,0,0,0,0,0,0,0,0,0,0,0,0,0,0,0,0,0,0,32,0,0,0,0,0,0,0,0,0,0,0,0,0,0,0,0,0,0,0,0,0,0,0,0,0,0,0,0,0
Bacteria.Firmicutes.Negativicutes.Veillonellales-Selenomonadales.Selenomonadaceae.NA.NA,0,0,0,4,0,0,0,0,0,0,0,0,0,0,0,0,0,0,0,0,0,0,0,0,0,0,0,0,0,0,0,0,0,0,0,0,0,0,0,0,0,40,0,0,0,0,0,0,0,0,0,0,0
Bacteria.Firmicutes.Negativicutes.Veillonellales-Selenomonadales.Sporomusaceae.Anaerosinus.NA,0,0,0,0,0,0,0,0,0,0,0,0,0,0,0,0,0,0,0,0,0,0,0,0,0,0,0,0,0,0,0,0,0,0,0,0,0,0,0,0,0,20,0,0,0,0,0,0,0,0,0,0,0
Bacteria.Firmicutes.Negativicutes.Veillonellales-Selenomonadales.Veillonellaceae.Allisonella.NA,0,0,0,0,0,0,0,0,0,0,0,0,0,0,0,0,0,0,0,0,0,0,0,0,0,0,0,0,0,0,0,0,0,0,0,0,13,0,0,0,156,0,0,0,0,55,0,0,0,0,0,0,25
Bacteria.Firmicutes.Negativicutes.Veillonellales-Selenomonadales.Veillonellaceae.Anaeroglobus.NA,0,0,0,0,0,0,0,0,0,0,0,0,0,0,0,0,0,0,0,0,0,0,0,0,0,0,0,0,0,0,3,0,0,0,0,0,0,0,0,4,0,0,0,0,0,0,2,0,0,0,0,0,0
Bacteria.Firmicutes.Negativicutes.Veillonellales-Selenomonadales.Veillonellaceae.Dialister.invisus,0,0,111,96,513,0,0,0,0,0,0,0,0,252,0,0,0,0,1360,0,0,0,254,0,1101,0,0,0,0,0,0,862,332,0,578,468,0,0,0,155,0,374,898,2729,0,0,241,0,884,0,0,0,0
Bacteria.Firmicutes.Negativicutes.Veillonellales-Selenomonadales.Veillonellaceae.Dialister.NA,22,0,0,0,0,0,0,0,0,0,0,0,0,0,0,0,0,0,0,0,0,0,2,979,0,551,0,0,0,0,401,0,0,0,0,0,0,0,1468,175,0,0,0,0,11,0,0,0,337,0,0,0,0
Bacteria.Firmicutes.Negativicutes.Veillonellales-Selenomonadales.Veillonellaceae.Megasphaera.massiliensis,0,0,0,0,0,0,0,0,0,0,0,0,0,0,0,0,0,0,0,0,0,0,0,0,0,0,0,0,0,0,0,0,0,0,0,0,0,0,0,245,0,0,0,0,0,0,849,0,0,0,0,0,237
Bacteria.Firmicutes.Negativicutes.Veillonellales-Selenomonadales.Veillonellaceae.Megasphaera.NA,0,0,0,0,0,0,0,81,0,0,0,0,0,0,0,0,0,0,0,0,0,0,0,0,0,0,0,0,0,0,1522,0,0,0,0,0,0,0,0,353,0,0,0,0,3,0,2071,0,0,0,0,0,310
Bacteria.Firmicutes.Negativicutes.Veillonellales-Selenomonadales.Veillonellaceae.Veillonella.atypica,0,0,0,0,0,0,0,0,0,0,0,0,0,0,0,20,0,0,24,0,0,0,0,0,0,0,0,0,0,0,0,35,0,0,0,0,0,0,0,0,0,0,0,0,0,0,90,0,0,0,0,26,0
Bacteria.Firmicutes.Negativicutes.Veillonellales-Selenomonadales.Veillonellaceae.Veillonella.dispar,0,17,0,0,0,0,0,0,0,0,0,0,0,0,4,0,0,0,24,0,13,0,0,0,0,16,0,17,0,0,0,134,0,0,0,0,0,0,0,0,0,0,0,34,0,0,18,0,0,0,0,12,0
Bacteria.Firmicutes.Negativicutes.Veillonellales-Selenomonadales.Veillonellaceae.Veillonella.NA,0,0,0,0,0,0,0,0,0,2,0,0,0,0,0,0,26,0,0,15,0,0,0,0,0,0,0,0,0,0,0,7,0,0,0,0,0,2,0,0,0,0,0,0,0,0,0,0,0,0,0,0,0
Bacteria.Firmicutes.Negativicutes.Veillonellales-Selenomonadales.Veillonellaceae.Veillonella.rogosae,0,0,0,0,0,0,0,0,0,0,0,0,0,0,0,15,33,0,0,0,0,0,0,0,0,0,0,0,0,0,0,0,0,0,0,0,0,0,0,0,18,0,0,0,0,0,0,0,0,0,0,0,0
Bacteria.Firmicutes.Negativicutes.Veillonellales-Selenomonadales.Veillonellaceae.Veillonella.tobetsuensis,0,0,0,0,0,0,0,0,0,0,0,0,0,0,0,0,0,0,0,0,0,0,0,0,0,0,0,0,0,0,37,0,0,0,0,0,0,0,0,0,0,0,0,0,0,0,0,0,0,0,0,0,0
Bacteria.Fusobacteriota.Fusobacteriia.Fusobacteriales.Fusobacteriaceae.Fusobacterium.NA,0,0,5,0,39,0,0,0,0,0,104,0,0,0,0,0,0,0,0,0,0,0,0,0,0,0,0,0,0,0,0,0,0,0,0,0,0,0,0,0,0,0,0,15,17,0,0,0,0,0,0,0,0
Bacteria.Fusobacteriota.Fusobacteriia.Fusobacteriales.Fusobacteriaceae.Fusobacterium.ulcerans,0,0,0,0,0,0,0,0,0,0,126,0,0,0,0,0,0,0,0,0,0,0,0,0,0,0,0,0,0,0,0,0,0,0,0,0,0,0,0,0,0,0,0,0,0,0,0,0,0,0,0,0,0
Bacteria.Fusobacteriota.Fusobacteriia.Fusobacteriales.Fusobacteriaceae.Fusobacterium.varium,0,0,0,0,0,0,0,0,0,0,669,0,0,0,0,0,0,0,0,0,0,0,0,0,0,0,0,0,0,0,0,0,0,0,0,0,0,0,0,0,0,0,0,0,0,0,0,0,0,0,0,0,0
Bacteria.NA.NA.NA.NA.NA.NA,0,3,4,0,0,0,0,0,0,9,0,0,0,3,0,0,0,0,0,0,2,0,10,0,0,0,0,6,0,0,0,0,0,0,2,3,0,0,10,0,0,0,0,0,0,0,0,2,0,0,0,0,0
Bacteria.Patescibacteria.Saccharimonadia.Saccharimonadales.NA.NA.NA,0,0,0,0,0,0,0,0,0,0,0,0,3,0,0,0,0,0,0,0,0,0,0,0,0,0,0,0,0,0,0,0,0,0,0,0,0,0,0,0,2,0,0,0,9,0,0,0,2,0,0,0,0
Bacteria.Patescibacteria.Saccharimonadia.Saccharimonadales.Saccharimonadaceae.Candidatus_Saccharimonas.NA,0,0,0,0,0,0,0,0,0,0,0,0,0,0,0,0,0,0,0,0,0,0,0,0,0,0,0,0,0,0,0,0,0,0,0,0,0,0,0,0,0,0,0,0,0,0,0,0,0,0,0,0,2
Bacteria.Patescibacteria.Saccharimonadia.Saccharimonadales.Saccharimonadaceae.NA.NA,0,0,0,0,0,0,0,0,0,0,0,0,0,0,0,0,0,0,0,0,2,0,0,0,0,0,0,0,0,0,0,0,0,0,0,0,0,0,0,0,0,0,0,0,0,0,5,0,0,0,0,0,0
Bacteria.Patescibacteria.Saccharimonadia.Saccharimonadales.Saccharimonadaceae.TM7x.NA,0,0,0,2,0,0,0,0,0,0,0,0,0,0,0,0,0,0,0,8,3,0,0,0,0,0,0,0,0,0,0,0,0,0,0,2,0,0,0,3,0,0,0,4,7,2,8,0,0,0,0,0,34
Bacteria.Proteobacteria.Alphaproteobacteria.Rhizobiales.Rhizobiaceae.Allorhizobium-Neorhizobium-Pararhizobium-Rhizobium.NA,0,0,0,0,0,0,0,0,0,0,0,0,0,0,0,0,0,0,0,0,0,0,0,0,0,0,0,0,0,0,0,0,0,0,0,0,0,0,0,0,0,0,0,0,0,0,0,2,0,0,0,0,0
Bacteria.Proteobacteria.Alphaproteobacteria.Rhizobiales.Xanthobacteraceae.Afipia.NA,0,0,0,0,0,0,0,0,0,0,0,0,0,0,0,0,0,0,0,0,0,0,0,0,0,0,0,0,0,0,0,0,0,0,0,0,0,0,0,0,0,0,0,0,0,2,0,0,0,0,0,0,0
Bacteria.Proteobacteria.Alphaproteobacteria.Rhizobiales.Xanthobacteraceae.Rhodoplanes.NA,0,0,0,0,0,0,0,0,0,0,0,0,0,0,0,0,0,0,0,0,0,0,0,0,0,0,0,0,0,3,0,0,0,0,0,0,0,0,0,0,0,0,0,0,0,0,0,0,0,0,0,0,0
Bacteria.Proteobacteria.Alphaproteobacteria.Rhodospirillales.NA.NA.NA,0,6,0,0,0,0,131,60,15,0,0,13,0,0,0,395,0,145,0,282,40,528,0,103,0,0,0,169,0,0,0,0,433,0,0,31,0,0,13,0,0,0,0,0,0,0,0,0,0,0,0,0,0
Bacteria.Proteobacteria.Gammaproteobacteria.Aeromonadales.Succinivibrionaceae.Succinivibrio.NA,0,0,0,0,252,0,0,0,0,0,0,0,0,0,0,0,0,146,0,0,0,0,0,0,0,61,0,0,0,0,0,0,0,0,0,0,0,0,0,0,0,0,0,0,0,0,0,0,0,0,0,0,0
Bacteria.Proteobacteria.Gammaproteobacteria.Burkholderiales.Burkholderiaceae.Ralstonia.NA,0,9,0,12,0,0,0,0,0,0,0,0,0,15,6,9,0,0,3,0,6,8,33,5,75,0,0,0,0,185,13,0,0,8,0,0,0,0,0,0,36,0,0,15,14,24,21,8,0,13,0,0,0
Bacteria.Proteobacteria.Gammaproteobacteria.Burkholderiales.Comamonadaceae.Comamonas.NA,0,0,0,0,0,0,0,0,0,0,0,0,0,0,0,0,0,32,0,0,0,0,0,0,0,0,0,0,5,0,0,0,0,0,0,0,0,0,0,0,0,0,0,0,0,0,0,0,0,0,0,0,0
Bacteria.Proteobacteria.Gammaproteobacteria.Burkholderiales.NA.NA.NA,0,0,0,0,0,0,0,0,0,0,0,0,0,0,7,0,0,0,0,0,0,0,0,0,0,0,0,0,0,0,0,0,0,0,0,0,0,0,0,0,0,0,0,0,0,0,0,0,0,0,0,0,0
Bacteria.Proteobacteria.Gammaproteobacteria.Burkholderiales.Neisseriaceae.Neisseria.flavescens,0,0,0,0,0,0,0,0,0,0,0,0,0,0,0,0,0,0,0,0,0,0,0,0,0,3,0,0,0,0,0,0,0,0,0,0,0,0,0,0,0,0,0,0,0,0,0,0,0,0,0,0,0
Bacteria.Proteobacteria.Gammaproteobacteria.Burkholderiales.Neisseriaceae.Neisseria.NA,0,0,0,0,0,0,0,0,0,0,0,0,0,0,0,0,0,0,0,0,0,0,0,0,0,0,0,0,0,0,0,0,0,0,0,0,0,0,0,0,0,0,2,0,0,0,0,0,0,0,0,0,0
Bacteria.Proteobacteria.Gammaproteobacteria.Burkholderiales.Oxalobacteraceae.Oxalobacter.formigenes,0,0,0,0,0,0,0,0,5,0,0,0,0,0,0,0,0,0,0,0,0,0,0,0,5,0,0,10,0,0,0,0,0,0,0,0,0,0,0,0,0,0,0,0,0,0,0,71,0,0,0,0,0
Bacteria.Proteobacteria.Gammaproteobacteria.Burkholderiales.Oxalobacteraceae.Oxalobacter.NA,0,0,0,0,0,0,66,0,0,0,0,0,0,0,0,2,0,26,0,5,0,0,0,35,0,0,8,0,0,0,0,0,0,0,0,3,0,0,18,0,10,0,0,0,0,0,0,0,0,0,0,0,0
Bacteria.Proteobacteria.Gammaproteobacteria.Burkholderiales.Sutterellaceae.Parasutterella.excrementihominis,18,447,0,0,0,0,431,57,0,120,0,305,0,0,24,0,1072,0,0,760,71,100,0,0,0,38,9,24,0,59,0,814,77,10,0,75,18,12,7,13,0,0,0,0,41,11,0,0,34,104,0,7,0
Bacteria.Proteobacteria.Gammaproteobacteria.Burkholderiales.Sutterellaceae.Parasutterella.NA,15,58,0,0,0,0,466,0,97,86,141,0,0,322,18,17,195,0,0,317,28,510,0,22,83,0,0,0,30,39,0,505,0,0,0,0,0,0,0,0,12,0,696,0,0,18,0,0,0,68,0,868,5
Bacteria.Proteobacteria.Gammaproteobacteria.Burkholderiales.Sutterellaceae.Sutterella.NA,0,0,0,0,0,0,0,0,0,0,0,0,0,0,882,0,0,38,0,0,0,0,0,36,0,64,57,0,0,31,23,0,229,0,0,0,24,9,0,46,27,0,0,0,0,0,0,0,0,70,0,0,51
Bacteria.Proteobacteria.Gammaproteobacteria.Burkholderiales.Sutterellaceae.Sutterella.wadsworthensis,0,0,0,0,194,0,0,40,0,0,0,0,0,0,857,193,0,245,0,0,0,0,2,47,0,61,207,447,0,153,113,0,1041,3,0,0,79,719,0,255,153,0,0,0,0,0,0,0,0,571,0,0,18
Bacteria.Proteobacteria.Gammaproteobacteria.Enterobacterales.Enterobacteriaceae.Citrobacter.NA,0,0,0,0,0,0,0,0,0,0,0,0,0,5,0,0,0,0,46,0,0,0,0,0,0,0,0,0,0,0,0,0,0,0,0,0,0,0,0,0,0,0,0,0,0,0,0,0,0,0,0,0,0
Bacteria.Proteobacteria.Gammaproteobacteria.Enterobacterales.Enterobacteriaceae.Enterobacter.NA,0,0,0,0,0,0,0,0,0,0,0,1427,0,0,0,15,0,16,10,0,0,0,0,0,0,0,0,0,6,0,0,14,96,0,135,0,0,0,9,0,0,0,0,0,0,0,0,0,0,0,0,0,0
Bacteria.Proteobacteria.Gammaproteobacteria.Enterobacterales.Enterobacteriaceae.Escherichia/Shigella.coli,0,0,0,0,0,0,0,0,0,0,168,0,0,0,0,0,0,0,0,0,0,0,0,0,0,0,0,0,0,0,0,0,0,0,0,0,0,0,0,0,0,0,0,0,0,0,0,0,0,0,0,0,0
Bacteria.Proteobacteria.Gammaproteobacteria.Enterobacterales.Enterobacteriaceae.Escherichia/Shigella.NA,816,3,2,11,54,44,0,0,0,743,386,0,0,0,19,7,0,79,57,13371,23,0,0,0,12,0,0,131,0,8,5,0,583,17,51,0,12,0,214,8,0,4,213,12,4424,5,323,0,0,0,4,0,279
Bacteria.Proteobacteria.Gammaproteobacteria.Enterobacterales.Enterobacteriaceae.Klebsiella.NA,0,0,0,0,0,0,0,0,0,0,0,0,0,0,0,6,10,794,0,0,0,0,0,0,0,0,0,0,0,0,0,0,0,0,0,0,0,0,0,0,0,0,0,0,0,0,0,0,0,0,0,0,0
Bacteria.Proteobacteria.Gammaproteobacteria.Enterobacterales.Enterobacteriaceae.Klebsiella.pneumoniae,0,0,0,0,0,0,0,0,0,0,0,0,0,0,0,0,0,110,0,0,0,0,0,0,0,0,0,0,0,0,0,0,0,0,0,0,0,0,0,0,0,0,0,0,0,0,0,0,0,0,0,0,0
Bacteria.Proteobacteria.Gammaproteobacteria.Enterobacterales.Enterobacteriaceae.NA.NA,2,0,0,0,0,0,0,0,0,0,0,0,0,0,0,0,0,0,0,0,0,0,0,0,0,0,0,0,0,0,16,0,0,0,0,0,0,0,0,0,0,0,0,0,0,0,0,0,0,0,0,0,0
Bacteria.Proteobacteria.Gammaproteobacteria.Enterobacterales.Enterobacteriaceae.Pseudocitrobacter.NA,0,0,0,0,0,2,0,0,0,0,0,0,0,0,0,0,0,0,0,0,0,0,0,0,0,0,0,0,0,0,0,0,0,0,0,0,0,0,0,0,0,0,0,0,0,0,0,0,0,0,0,0,0
Bacteria.Proteobacteria.Gammaproteobacteria.Enterobacterales.Enterobacteriaceae.Salmonella.NA,0,0,0,0,0,0,0,0,0,0,0,0,0,0,0,0,0,0,0,0,0,0,0,0,0,0,0,0,0,0,0,0,0,0,0,0,0,0,0,0,0,0,0,8,0,0,0,0,0,0,0,0,0
Bacteria.Proteobacteria.Gammaproteobacteria.Enterobacterales.Yersiniaceae.Serratia.NA,0,0,0,0,0,0,0,0,0,0,0,0,0,0,0,5,0,0,0,0,0,0,0,0,0,0,0,0,0,0,0,0,0,0,0,0,0,0,0,0,0,0,0,0,0,0,0,0,0,0,0,0,0
Bacteria.Proteobacteria.Gammaproteobacteria.Pasteurellales.Pasteurellaceae.Actinobacillus.NA,0,0,0,0,0,0,0,0,0,0,0,0,0,0,0,0,0,0,0,0,0,0,0,0,0,0,0,0,0,0,0,0,0,0,0,0,0,0,0,0,9,0,0,0,0,0,0,0,0,0,0,0,0
Bacteria.Proteobacteria.Gammaproteobacteria.Pasteurellales.Pasteurellaceae.Haemophilus.NA,0,0,0,0,0,0,17,4,0,0,0,0,0,0,64,130,28,9,75,0,52,0,0,3,3,87,0,21,50,0,19,150,4,0,0,0,0,0,0,0,120,9,0,237,0,10,0,0,0,0,0,14,0
Bacteria.Proteobacteria.Gammaproteobacteria.Pasteurellales.Pasteurellaceae.Haemophilus.parainfluenzae,0,13,3,0,0,0,0,0,0,0,0,0,0,0,0,0,0,0,0,0,0,0,0,0,0,11,0,0,0,0,0,0,0,0,0,0,0,0,0,0,0,0,14,25,0,0,0,0,0,0,0,0,0
Bacteria.Proteobacteria.Gammaproteobacteria.Pasteurellales.Pasteurellaceae.Haemophilus.sputorum,0,0,0,0,0,0,0,0,0,0,0,0,0,0,0,0,0,0,0,0,0,0,0,0,0,0,0,0,0,0,0,0,0,0,0,0,0,0,0,0,34,0,0,0,0,0,0,0,0,0,0,0,0
Bacteria.Proteobacteria.Gammaproteobacteria.Pseudomonadales.Moraxellaceae.Acinetobacter.radioresistens,0,0,0,0,0,0,0,0,0,0,0,0,0,0,0,0,0,0,0,0,0,0,0,0,0,0,0,4,0,0,0,0,0,0,0,0,0,0,0,0,0,0,0,0,0,0,0,0,0,0,0,0,0
Bacteria.Proteobacteria.Gammaproteobacteria.Pseudomonadales.Pseudomonadaceae.Pseudomonas.NA,0,0,0,0,0,0,0,0,0,0,0,0,0,0,0,0,113,0,0,0,0,0,0,0,0,0,0,0,0,0,0,0,0,0,0,0,0,0,0,0,0,0,0,0,0,0,0,0,0,0,0,7,0
Bacteria.Spirochaetota.Spirochaetia.Spirochaetales.Spirochaetaceae.Treponema.NA,0,0,0,0,0,0,0,0,0,0,0,0,0,0,0,0,0,0,0,0,0,0,0,0,0,0,0,0,0,0,0,0,0,0,0,0,0,0,0,0,0,0,0,0,5,0,0,0,0,0,0,0,0
Bacteria.Synergistota.Synergistia.Synergistales.Synergistaceae.Cloacibacillus.evryensis,0,0,0,0,9,0,0,0,0,0,0,0,0,0,0,0,0,0,0,0,0,0,0,0,0,0,0,0,0,0,0,0,0,0,0,13,15,0,0,0,0,0,0,0,0,0,0,0,0,0,0,0,0
Bacteria.Verrucomicrobiota.Lentisphaeria.Victivallales.vadinBE97.NA.NA,0,0,0,0,0,0,3,0,0,0,0,0,0,0,0,0,0,0,0,0,0,0,0,5,0,0,0,0,0,0,0,0,0,0,0,0,0,0,0,0,0,0,0,0,0,0,0,0,0,0,0,0,0
Bacteria.Verrucomicrobiota.Lentisphaeria.Victivallales.Victivallaceae.Victivallis.NA,0,0,0,0,0,0,0,0,0,0,0,0,0,0,0,0,0,0,0,0,0,0,0,0,0,0,0,0,0,0,0,0,0,5,0,0,0,0,0,0,0,0,0,0,0,0,0,0,0,0,0,0,0
Bacteria.Verrucomicrobiota.Lentisphaeria.Victivallales.Victivallaceae.Victivallis.vadensis,0,0,0,0,0,0,0,0,0,0,0,0,0,0,0,0,0,2,0,0,0,0,0,0,0,0,0,0,0,0,0,0,0,0,0,0,0,0,0,0,0,0,0,0,0,0,0,0,0,0,0,0,0
Bacteria.Verrucomicrobiota.Verrucomicrobiae.Opitutales.Puniceicoccaceae.NA.NA,0,0,0,0,4,0,5,0,0,0,0,0,0,0,0,0,0,0,0,0,0,0,0,0,0,0,0,0,0,0,0,0,0,0,0,0,0,0,0,0,0,0,0,0,0,0,0,0,0,0,0,0,0
Bacteria.Verrucomicrobiota.Verrucomicrobiae.Verrucomicrobiales.Akkermansiaceae.Akkermansia.muciniphila,0,0,4133,0,505,0,111,1170,0,3994,5424,9,883,1167,0,344,1396,0,0,0,4539,0,0,0,0,0,4,0,0,0,123,0,0,2792,6990,3978,19,9,2248,2671,0,0,248,6,6232,49,0,7313,553,4,0,13,5688
Bacteria.Verrucomicrobiota.Verrucomicrobiae.Verrucomicrobiales.Akkermansiaceae.Akkermansia.NA,0,0,754,0,0,0,0,155,94,745,960,0,0,226,0,0,313,0,51,0,801,0,0,3115,22,297,0,1117,11,1387,0,0,2559,516,1232,692,0,0,407,473,155,962,0,0,1136,0,0,1342,0,0,0,0,964
Eukaryota.NA.NA.NA.NA.NA.NA,0,0,0,0,3,0,2,0,0,0,6,0,3,2,0,0,0,10,6,5,0,4,0,0,10,0,2,0,0,2,0,2,0,0,0,4,2,8,2,0,0,7,0,2,0,0,2,0,0,0,0,0,2