asv,Kingdom,Phylum,Class,Order,Family,Genus,Species
Bacteria.Actinobacteriota.Actinobacteria.Actinomycetales.Actinomycetaceae.Actinomyces.massiliensis,Bacteria,Actinobacteriota,Actinobacteria,Actinomycetales,Actinomycetaceae,Actinomyces,massiliensis
Bacteria.Actinobacteriota.Actinobacteria.Actinomycetales.Actinomycetaceae.Actinomyces.NA,Bacteria,Actinobacteriota,Actinobacteria,Actinomycetales,Actinomycetaceae,Actinomyces,NA
Bacteria.Actinobacteriota.Actinobacteria.Actinomycetales.Actinomycetaceae.Actinomyces.oris,Bacteria,Actinobacteriota,Actinobacteria,Actinomycetales,Actinomycetaceae,Actinomyces,oris
Bacteria.Actinobacteriota.Actinobacteria.Actinomycetales.Actinomycetaceae.Actinomyces.pacaensis,Bacteria,Actinobacteriota,Actinobacteria,Actinomycetales,Actinomycetaceae,Actinomyces,pacaensis
Bacteria.Actinobacteriota.Actinobacteria.Actinomycetales.Actinomycetaceae.Actinotignum.NA,Bacteria,Actinobacteriota,Actinobacteria,Actinomycetales,Actinomycetaceae,Actinotignum,NA
Bacteria.Actinobacteriota.Actinobacteria.Actinomycetales.Actinomycetaceae.F0332.NA,Bacteria,Actinobacteriota,Actinobacteria,Actinomycetales,Actinomycetaceae,F0332,NA
Bacteria.Actinobacteriota.Actinobacteria.Actinomycetales.Actinomycetaceae.Mobiluncus.NA,Bacteria,Actinobacteriota,Actinobacteria,Actinomycetales,Actinomycetaceae,Mobiluncus,NA
Bacteria.Actinobacteriota.Actinobacteria.Actinomycetales.Actinomycetaceae.NA.NA,Bacteria,Actinobacteriota,Actinobacteria,Actinomycetales,Actinomycetaceae,NA,NA
Bacteria.Actinobacteriota.Actinobacteria.Actinomycetales.Actinomycetaceae.Varibaculum.NA,Bacteria,Actinobacteriota,Actinobacteria,Actinomycetales,Actinomycetaceae,Varibaculum,NA
Bacteria.Actinobacteriota.Actinobacteria.Actinomycetales.Actinomycetaceae.Varibaculum.timonense,Bacteria,Actinobacteriota,Actinobacteria,Actinomycetales,Actinomycetaceae,Varibaculum,timonense
Bacteria.Actinobacteriota.Actinobacteria.Bifidobacteriales.Bifidobacteriaceae.Bifidobacterium.bifidum,Bacteria,Actinobacteriota,Actinobacteria,Bifidobacteriales,Bifidobacteriaceae,Bifidobacterium,bifidum
Bacteria.Actinobacteriota.Actinobacteria.Bifidobacteriales.Bifidobacteriaceae.Bifidobacterium.longum,Bacteria,Actinobacteriota,Actinobacteria,Bifidobacteriales,Bifidobacteriaceae,Bifidobacterium,longum
Bacteria.Actinobacteriota.Actinobacteria.Bifidobacteriales.Bifidobacteriaceae.Bifidobacterium.NA,Bacteria,Actinobacteriota,Actinobacteria,Bifidobacteriales,Bifidobacteriaceae,Bifidobacterium,NA
Bacteria.Actinobacteriota.Actinobacteria.Corynebacteriales.Corynebacteriaceae.Corynebacterium.accolens,Bacteria,Actinobacteriota,Actinobacteria,Corynebacteriales,Corynebacteriaceae,Corynebacterium,accolens
Bacteria.Actinobacteriota.Actinobacteria.Corynebacteriales.Corynebacteriaceae.Corynebacterium.argentoratense,Bacteria,Actinobacteriota,Actinobacteria,Corynebacteriales,Corynebacteriaceae,Corynebacterium,argentoratense
Bacteria.Actinobacteriota.Actinobacteria.Corynebacteriales.Corynebacteriaceae.Corynebacterium.durum,Bacteria,Actinobacteriota,Actinobacteria,Corynebacteriales,Corynebacteriaceae,Corynebacterium,durum
Bacteria.Actinobacteriota.Actinobacteria.Corynebacteriales.Corynebacteriaceae.Corynebacterium.NA,Bacteria,Actinobacteriota,Actinobacteria,Corynebacteriales,Corynebacteriaceae,Corynebacterium,NA
Bacteria.Actinobacteriota.Actinobacteria.Corynebacteriales.Corynebacteriaceae.Corynebacterium.pyruviciproducens,Bacteria,Actinobacteriota,Actinobacteria,Corynebacteriales,Corynebacteriaceae,Corynebacterium,pyruviciproducens
Bacteria.Actinobacteriota.Actinobacteria.Corynebacteriales.Nocardiaceae.Rhodococcus.NA,Bacteria,Actinobacteriota,Actinobacteria,Corynebacteriales,Nocardiaceae,Rhodococcus,NA
Bacteria.Actinobacteriota.Actinobacteria.Micrococcales.Microbacteriaceae.Curtobacterium.NA,Bacteria,Actinobacteriota,Actinobacteria,Micrococcales,Microbacteriaceae,Curtobacterium,NA
Bacteria.Actinobacteriota.Actinobacteria.Micrococcales.Microbacteriaceae.Leifsonia.NA,Bacteria,Actinobacteriota,Actinobacteria,Micrococcales,Microbacteriaceae,Leifsonia,NA
Bacteria.Actinobacteriota.Actinobacteria.Micrococcales.Microbacteriaceae.Microbacterium.NA,Bacteria,Actinobacteriota,Actinobacteria,Micrococcales,Microbacteriaceae,Microbacterium,NA
Bacteria.Actinobacteriota.Actinobacteria.Micrococcales.Microbacteriaceae.Microcella.NA,Bacteria,Actinobacteriota,Actinobacteria,Micrococcales,Microbacteriaceae,Microcella,NA
Bacteria.Actinobacteriota.Actinobacteria.Micrococcales.Micrococcaceae.Rothia.mucilaginosa,Bacteria,Actinobacteriota,Actinobacteria,Micrococcales,Micrococcaceae,Rothia,mucilaginosa
Bacteria.Actinobacteriota.Actinobacteria.Micrococcales.Micrococcaceae.Rothia.NA,Bacteria,Actinobacteriota,Actinobacteria,Micrococcales,Micrococcaceae,Rothia,NA
Bacteria.Actinobacteriota.Actinobacteria.Micrococcales.NA.NA.NA,Bacteria,Actinobacteriota,Actinobacteria,Micrococcales,NA,NA,NA
Bacteria.Actinobacteriota.Actinobacteria.NA.NA.NA.NA,Bacteria,Actinobacteriota,Actinobacteria,NA,NA,NA,NA
Bacteria.Actinobacteriota.Actinobacteria.Propionibacteriales.Propionibacteriaceae.Cutibacterium.NA,Bacteria,Actinobacteriota,Actinobacteria,Propionibacteriales,Propionibacteriaceae,Cutibacterium,NA
Bacteria.Actinobacteriota.Actinobacteria.Propionibacteriales.Propionibacteriaceae.Propionibacterium.acidifaciens,Bacteria,Actinobacteriota,Actinobacteria,Propionibacteriales,Propionibacteriaceae,Propionibacterium,acidifaciens
Bacteria.Actinobacteriota.Actinobacteria.Propionibacteriales.Propionibacteriaceae.Propionibacterium.freudenreichii,Bacteria,Actinobacteriota,Actinobacteria,Propionibacteriales,Propionibacteriaceae,Propionibacterium,freudenreichii
Bacteria.Actinobacteriota.Actinobacteria.Propionibacteriales.Propionibacteriaceae.Pseudopropionibacterium.NA,Bacteria,Actinobacteriota,Actinobacteria,Propionibacteriales,Propionibacteriaceae,Pseudopropionibacterium,NA
Bacteria.Actinobacteriota.Actinobacteria.Propionibacteriales.Propionibacteriaceae.Pseudopropionibacterium.propionicum,Bacteria,Actinobacteriota,Actinobacteria,Propionibacteriales,Propionibacteriaceae,Pseudopropionibacterium,propionicum
Bacteria.Actinobacteriota.Actinobacteria.Propionibacteriales.Propionibacteriaceae.Pseudopropionibacterium.rubrum,Bacteria,Actinobacteriota,Actinobacteria,Propionibacteriales,Propionibacteriaceae,Pseudopropionibacterium,rubrum
Bacteria.Actinobacteriota.Coriobacteriia.Coriobacteriales.Atopobiaceae.Atopobium.deltae,Bacteria,Actinobacteriota,Coriobacteriia,Coriobacteriales,Atopobiaceae,Atopobium,deltae
Bacteria.Actinobacteriota.Coriobacteriia.Coriobacteriales.Atopobiaceae.Atopobium.NA,Bacteria,Actinobacteriota,Coriobacteriia,Coriobacteriales,Atopobiaceae,Atopobium,NA
Bacteria.Actinobacteriota.Coriobacteriia.Coriobacteriales.Atopobiaceae.Atopobium.parvulum,Bacteria,Actinobacteriota,Coriobacteriia,Coriobacteriales,Atopobiaceae,Atopobium,parvulum
Bacteria.Actinobacteriota.Coriobacteriia.Coriobacteriales.Atopobiaceae.Atopobium.vaginae,Bacteria,Actinobacteriota,Coriobacteriia,Coriobacteriales,Atopobiaceae,Atopobium,vaginae
Bacteria.Actinobacteriota.Coriobacteriia.Coriobacteriales.Atopobiaceae.Coriobacteriaceae_UCG-002.NA,Bacteria,Actinobacteriota,Coriobacteriia,Coriobacteriales,Atopobiaceae,Coriobacteriaceae_UCG-002,NA
Bacteria.Actinobacteriota.Coriobacteriia.Coriobacteriales.Atopobiaceae.Coriobacteriaceae_UCG-003.NA,Bacteria,Actinobacteriota,Coriobacteriia,Coriobacteriales,Atopobiaceae,Coriobacteriaceae_UCG-003,NA
Bacteria.Actinobacteriota.Coriobacteriia.Coriobacteriales.Atopobiaceae.Libanicoccus.massiliensis,Bacteria,Actinobacteriota,Coriobacteriia,Coriobacteriales,Atopobiaceae,Libanicoccus,massiliensis
Bacteria.Actinobacteriota.Coriobacteriia.Coriobacteriales.Atopobiaceae.Libanicoccus.NA,Bacteria,Actinobacteriota,Coriobacteriia,Coriobacteriales,Atopobiaceae,Libanicoccus,NA
Bacteria.Actinobacteriota.Coriobacteriia.Coriobacteriales.Atopobiaceae.Olsenella.NA,Bacteria,Actinobacteriota,Coriobacteriia,Coriobacteriales,Atopobiaceae,Olsenella,NA
Bacteria.Actinobacteriota.Coriobacteriia.Coriobacteriales.Atopobiaceae.Olsenella.scatoligenes,Bacteria,Actinobacteriota,Coriobacteriia,Coriobacteriales,Atopobiaceae,Olsenella,scatoligenes
Bacteria.Actinobacteriota.Coriobacteriia.Coriobacteriales.Coriobacteriaceae.Collinsella.aerofaciens,Bacteria,Actinobacteriota,Coriobacteriia,Coriobacteriales,Coriobacteriaceae,Collinsella,aerofaciens
Bacteria.Actinobacteriota.Coriobacteriia.Coriobacteriales.Coriobacteriaceae.Collinsella.bouchesdurhonensis,Bacteria,Actinobacteriota,Coriobacteriia,Coriobacteriales,Coriobacteriaceae,Collinsella,bouchesdurhonensis
Bacteria.Actinobacteriota.Coriobacteriia.Coriobacteriales.Coriobacteriaceae.Collinsella.NA,Bacteria,Actinobacteriota,Coriobacteriia,Coriobacteriales,Coriobacteriaceae,Collinsella,NA
Bacteria.Actinobacteriota.Coriobacteriia.Coriobacteriales.Coriobacteriaceae.Collinsella.phocaeensis,Bacteria,Actinobacteriota,Coriobacteriia,Coriobacteriales,Coriobacteriaceae,Collinsella,phocaeensis
Bacteria.Actinobacteriota.Coriobacteriia.Coriobacteriales.Coriobacteriaceae.Collinsella.tanakaei,Bacteria,Actinobacteriota,Coriobacteriia,Coriobacteriales,Coriobacteriaceae,Collinsella,tanakaei
Bacteria.Actinobacteriota.Coriobacteriia.Coriobacteriales.Coriobacteriaceae.NA.NA,Bacteria,Actinobacteriota,Coriobacteriia,Coriobacteriales,Coriobacteriaceae,NA,NA
Bacteria.Actinobacteriota.Coriobacteriia.Coriobacteriales.Coriobacteriales_Incertae_Sedis.NA.NA,Bacteria,Actinobacteriota,Coriobacteriia,Coriobacteriales,Coriobacteriales_Incertae_Sedis,NA,NA
Bacteria.Actinobacteriota.Coriobacteriia.Coriobacteriales.Coriobacteriales_Incertae_Sedis.Raoultibacter.NA,Bacteria,Actinobacteriota,Coriobacteriia,Coriobacteriales,Coriobacteriales_Incertae_Sedis,Raoultibacter,NA
Bacteria.Actinobacteriota.Coriobacteriia.Coriobacteriales.Eggerthellaceae.Adlercreutzia.equolifaciens,Bacteria,Actinobacteriota,Coriobacteriia,Coriobacteriales,Eggerthellaceae,Adlercreutzia,equolifaciens
Bacteria.Actinobacteriota.Coriobacteriia.Coriobacteriales.Eggerthellaceae.Adlercreutzia.NA,Bacteria,Actinobacteriota,Coriobacteriia,Coriobacteriales,Eggerthellaceae,Adlercreutzia,NA
Bacteria.Actinobacteriota.Coriobacteriia.Coriobacteriales.Eggerthellaceae.CHKCI002.NA,Bacteria,Actinobacteriota,Coriobacteriia,Coriobacteriales,Eggerthellaceae,CHKCI002,NA
Bacteria.Actinobacteriota.Coriobacteriia.Coriobacteriales.Eggerthellaceae.Cryptobacterium.curtum,Bacteria,Actinobacteriota,Coriobacteriia,Coriobacteriales,Eggerthellaceae,Cryptobacterium,curtum
Bacteria.Actinobacteriota.Coriobacteriia.Coriobacteriales.Eggerthellaceae.Denitrobacterium.NA,Bacteria,Actinobacteriota,Coriobacteriia,Coriobacteriales,Eggerthellaceae,Denitrobacterium,NA
Bacteria.Actinobacteriota.Coriobacteriia.Coriobacteriales.Eggerthellaceae.DNF00809.NA,Bacteria,Actinobacteriota,Coriobacteriia,Coriobacteriales,Eggerthellaceae,DNF00809,NA
Bacteria.Actinobacteriota.Coriobacteriia.Coriobacteriales.Eggerthellaceae.Eggerthella.lenta,Bacteria,Actinobacteriota,Coriobacteriia,Coriobacteriales,Eggerthellaceae,Eggerthella,lenta
Bacteria.Actinobacteriota.Coriobacteriia.Coriobacteriales.Eggerthellaceae.Eggerthella.NA,Bacteria,Actinobacteriota,Coriobacteriia,Coriobacteriales,Eggerthellaceae,Eggerthella,NA
Bacteria.Actinobacteriota.Coriobacteriia.Coriobacteriales.Eggerthellaceae.Eggerthella.timonensis,Bacteria,Actinobacteriota,Coriobacteriia,Coriobacteriales,Eggerthellaceae,Eggerthella,timonensis
Bacteria.Actinobacteriota.Coriobacteriia.Coriobacteriales.Eggerthellaceae.Enterorhabdus.NA,Bacteria,Actinobacteriota,Coriobacteriia,Coriobacteriales,Eggerthellaceae,Enterorhabdus,NA
Bacteria.Actinobacteriota.Coriobacteriia.Coriobacteriales.Eggerthellaceae.Gordonibacter.NA,Bacteria,Actinobacteriota,Coriobacteriia,Coriobacteriales,Eggerthellaceae,Gordonibacter,NA
Bacteria.Actinobacteriota.Coriobacteriia.Coriobacteriales.Eggerthellaceae.Gordonibacter.pamelaeae,Bacteria,Actinobacteriota,Coriobacteriia,Coriobacteriales,Eggerthellaceae,Gordonibacter,pamelaeae
Bacteria.Actinobacteriota.Coriobacteriia.Coriobacteriales.Eggerthellaceae.Gordonibacter.urolithinfaciens,Bacteria,Actinobacteriota,Coriobacteriia,Coriobacteriales,Eggerthellaceae,Gordonibacter,urolithinfaciens
Bacteria.Actinobacteriota.Coriobacteriia.Coriobacteriales.Eggerthellaceae.NA.NA,Bacteria,Actinobacteriota,Coriobacteriia,Coriobacteriales,Eggerthellaceae,NA,NA
Bacteria.Actinobacteriota.Coriobacteriia.Coriobacteriales.Eggerthellaceae.Parvibacter.NA,Bacteria,Actinobacteriota,Coriobacteriia,Coriobacteriales,Eggerthellaceae,Parvibacter,NA
Bacteria.Actinobacteriota.Coriobacteriia.Coriobacteriales.Eggerthellaceae.Senegalimassilia.NA,Bacteria,Actinobacteriota,Coriobacteriia,Coriobacteriales,Eggerthellaceae,Senegalimassilia,NA
Bacteria.Actinobacteriota.Coriobacteriia.Coriobacteriales.Eggerthellaceae.Slackia.exigua,Bacteria,Actinobacteriota,Coriobacteriia,Coriobacteriales,Eggerthellaceae,Slackia,exigua
Bacteria.Actinobacteriota.Coriobacteriia.Coriobacteriales.Eggerthellaceae.Slackia.isoflavoniconvertens,Bacteria,Actinobacteriota,Coriobacteriia,Coriobacteriales,Eggerthellaceae,Slackia,isoflavoniconvertens
Bacteria.Actinobacteriota.Coriobacteriia.Coriobacteriales.Eggerthellaceae.Slackia.NA,Bacteria,Actinobacteriota,Coriobacteriia,Coriobacteriales,Eggerthellaceae,Slackia,NA
Bacteria.Actinobacteriota.Coriobacteriia.Coriobacteriales.NA.NA.NA,Bacteria,Actinobacteriota,Coriobacteriia,Coriobacteriales,NA,NA,NA
Bacteria.Bacteroidota.Bacteroidia.Bacteroidales.Bacteroidaceae.Bacteroides.acidifaciens,Bacteria,Bacteroidota,Bacteroidia,Bacteroidales,Bacteroidaceae,Bacteroides,acidifaciens
Bacteria.Bacteroidota.Bacteroidia.Bacteroidales.Bacteroidaceae.Bacteroides.caccae,Bacteria,Bacteroidota,Bacteroidia,Bacteroidales,Bacteroidaceae,Bacteroides,caccae
Bacteria.Bacteroidota.Bacteroidia.Bacteroidales.Bacteroidaceae.Bacteroides.clarus,Bacteria,Bacteroidota,Bacteroidia,Bacteroidales,Bacteroidaceae,Bacteroides,clarus
Bacteria.Bacteroidota.Bacteroidia.Bacteroidales.Bacteroidaceae.Bacteroides.coprocola,Bacteria,Bacteroidota,Bacteroidia,Bacteroidales,Bacteroidaceae,Bacteroides,coprocola
Bacteria.Bacteroidota.Bacteroidia.Bacteroidales.Bacteroidaceae.Bacteroides.coprophilus,Bacteria,Bacteroidota,Bacteroidia,Bacteroidales,Bacteroidaceae,Bacteroides,coprophilus
Bacteria.Bacteroidota.Bacteroidia.Bacteroidales.Bacteroidaceae.Bacteroides.cutis,Bacteria,Bacteroidota,Bacteroidia,Bacteroidales,Bacteroidaceae,Bacteroides,cutis
Bacteria.Bacteroidota.Bacteroidia.Bacteroidales.Bacteroidaceae.Bacteroides.eggerthii,Bacteria,Bacteroidota,Bacteroidia,Bacteroidales,Bacteroidaceae,Bacteroides,eggerthii
Bacteria.Bacteroidota.Bacteroidia.Bacteroidales.Bacteroidaceae.Bacteroides.faecis,Bacteria,Bacteroidota,Bacteroidia,Bacteroidales,Bacteroidaceae,Bacteroides,faecis
Bacteria.Bacteroidota.Bacteroidia.Bacteroidales.Bacteroidaceae.Bacteroides.finegoldii,Bacteria,Bacteroidota,Bacteroidia,Bacteroidales,Bacteroidaceae,Bacteroides,finegoldii
Bacteria.Bacteroidota.Bacteroidia.Bacteroidales.Bacteroidaceae.Bacteroides.fragilis,Bacteria,Bacteroidota,Bacteroidia,Bacteroidales,Bacteroidaceae,Bacteroides,fragilis
Bacteria.Bacteroidota.Bacteroidia.Bacteroidales.Bacteroidaceae.Bacteroides.intestinalis,Bacteria,Bacteroidota,Bacteroidia,Bacteroidales,Bacteroidaceae,Bacteroides,intestinalis
Bacteria.Bacteroidota.Bacteroidia.Bacteroidales.Bacteroidaceae.Bacteroides.massiliensis,Bacteria,Bacteroidota,Bacteroidia,Bacteroidales,Bacteroidaceae,Bacteroides,massiliensis
Bacteria.Bacteroidota.Bacteroidia.Bacteroidales.Bacteroidaceae.Bacteroides.NA,Bacteria,Bacteroidota,Bacteroidia,Bacteroidales,Bacteroidaceae,Bacteroides,NA
Bacteria.Bacteroidota.Bacteroidia.Bacteroidales.Bacteroidaceae.Bacteroides.nordii,Bacteria,Bacteroidota,Bacteroidia,Bacteroidales,Bacteroidaceae,Bacteroides,nordii
Bacteria.Bacteroidota.Bacteroidia.Bacteroidales.Bacteroidaceae.Bacteroides.ovatus,Bacteria,Bacteroidota,Bacteroidia,Bacteroidales,Bacteroidaceae,Bacteroides,ovatus
Bacteria.Bacteroidota.Bacteroidia.Bacteroidales.Bacteroidaceae.Bacteroides.plebeius,Bacteria,Bacteroidota,Bacteroidia,Bacteroidales,Bacteroidaceae,Bacteroides,plebeius
Bacteria.Bacteroidota.Bacteroidia.Bacteroidales.Bacteroidaceae.Bacteroides.salyersiae,Bacteria,Bacteroidota,Bacteroidia,Bacteroidales,Bacteroidaceae,Bacteroides,salyersiae
Bacteria.Bacteroidota.Bacteroidia.Bacteroidales.Bacteroidaceae.Bacteroides.stercoris,Bacteria,Bacteroidota,Bacteroidia,Bacteroidales,Bacteroidaceae,Bacteroides,stercoris
Bacteria.Bacteroidota.Bacteroidia.Bacteroidales.Bacteroidaceae.Bacteroides.thetaiotaomicron,Bacteria,Bacteroidota,Bacteroidia,Bacteroidales,Bacteroidaceae,Bacteroides,thetaiotaomicron
Bacteria.Bacteroidota.Bacteroidia.Bacteroidales.Bacteroidaceae.Bacteroides.uniformis,Bacteria,Bacteroidota,Bacteroidia,Bacteroidales,Bacteroidaceae,Bacteroides,uniformis
Bacteria.Bacteroidota.Bacteroidia.Bacteroidales.Bacteroidaceae.Bacteroides.vulgatus,Bacteria,Bacteroidota,Bacteroidia,Bacteroidales,Bacteroidaceae,Bacteroides,vulgatus
Bacteria.Bacteroidota.Bacteroidia.Bacteroidales.Barnesiellaceae.Barnesiella.intestinihominis,Bacteria,Bacteroidota,Bacteroidia,Bacteroidales,Barnesiellaceae,Barnesiella,intestinihominis
Bacteria.Bacteroidota.Bacteroidia.Bacteroidales.Barnesiellaceae.Barnesiella.NA,Bacteria,Bacteroidota,Bacteroidia,Bacteroidales,Barnesiellaceae,Barnesiella,NA
Bacteria.Bacteroidota.Bacteroidia.Bacteroidales.Barnesiellaceae.Coprobacter.NA,Bacteria,Bacteroidota,Bacteroidia,Bacteroidales,Barnesiellaceae,Coprobacter,NA
Bacteria.Bacteroidota.Bacteroidia.Bacteroidales.Barnesiellaceae.Coprobacter.secundus,Bacteria,Bacteroidota,Bacteroidia,Bacteroidales,Barnesiellaceae,Coprobacter,secundus
Bacteria.Bacteroidota.Bacteroidia.Bacteroidales.Dysgonomonadaceae.Dysgonomonas.oryzarvi,Bacteria,Bacteroidota,Bacteroidia,Bacteroidales,Dysgonomonadaceae,Dysgonomonas,oryzarvi
Bacteria.Bacteroidota.Bacteroidia.Bacteroidales.Marinifilaceae.Butyricimonas.NA,Bacteria,Bacteroidota,Bacteroidia,Bacteroidales,Marinifilaceae,Butyricimonas,NA
Bacteria.Bacteroidota.Bacteroidia.Bacteroidales.Marinifilaceae.Butyricimonas.virosa,Bacteria,Bacteroidota,Bacteroidia,Bacteroidales,Marinifilaceae,Butyricimonas,virosa
Bacteria.Bacteroidota.Bacteroidia.Bacteroidales.Marinifilaceae.Odoribacter.NA,Bacteria,Bacteroidota,Bacteroidia,Bacteroidales,Marinifilaceae,Odoribacter,NA
Bacteria.Bacteroidota.Bacteroidia.Bacteroidales.Marinifilaceae.Odoribacter.splanchnicus,Bacteria,Bacteroidota,Bacteroidia,Bacteroidales,Marinifilaceae,Odoribacter,splanchnicus
Bacteria.Bacteroidota.Bacteroidia.Bacteroidales.Marinifilaceae.Sanguibacteroides.justesenii,Bacteria,Bacteroidota,Bacteroidia,Bacteroidales,Marinifilaceae,Sanguibacteroides,justesenii
Bacteria.Bacteroidota.Bacteroidia.Bacteroidales.Marinifilaceae.Sanguibacteroides.NA,Bacteria,Bacteroidota,Bacteroidia,Bacteroidales,Marinifilaceae,Sanguibacteroides,NA
Bacteria.Bacteroidota.Bacteroidia.Bacteroidales.Muribaculaceae.Muribaculum.intestinale,Bacteria,Bacteroidota,Bacteroidia,Bacteroidales,Muribaculaceae,Muribaculum,intestinale
Bacteria.Bacteroidota.Bacteroidia.Bacteroidales.Muribaculaceae.NA.NA,Bacteria,Bacteroidota,Bacteroidia,Bacteroidales,Muribaculaceae,NA,NA
Bacteria.Bacteroidota.Bacteroidia.Bacteroidales.NA.NA.NA,Bacteria,Bacteroidota,Bacteroidia,Bacteroidales,NA,NA,NA
Bacteria.Bacteroidota.Bacteroidia.Bacteroidales.Porphyromonadaceae.Porphyromonas.bennonis,Bacteria,Bacteroidota,Bacteroidia,Bacteroidales,Porphyromonadaceae,Porphyromonas,bennonis
Bacteria.Bacteroidota.Bacteroidia.Bacteroidales.Porphyromonadaceae.Porphyromonas.NA,Bacteria,Bacteroidota,Bacteroidia,Bacteroidales,Porphyromonadaceae,Porphyromonas,NA
Bacteria.Bacteroidota.Bacteroidia.Bacteroidales.Porphyromonadaceae.Porphyromonas.somerae,Bacteria,Bacteroidota,Bacteroidia,Bacteroidales,Porphyromonadaceae,Porphyromonas,somerae
Bacteria.Bacteroidota.Bacteroidia.Bacteroidales.Prevotellaceae.Alloprevotella.NA,Bacteria,Bacteroidota,Bacteroidia,Bacteroidales,Prevotellaceae,Alloprevotella,NA
Bacteria.Bacteroidota.Bacteroidia.Bacteroidales.Prevotellaceae.NA.NA,Bacteria,Bacteroidota,Bacteroidia,Bacteroidales,Prevotellaceae,NA,NA
Bacteria.Bacteroidota.Bacteroidia.Bacteroidales.Prevotellaceae.Paraprevotella.NA,Bacteria,Bacteroidota,Bacteroidia,Bacteroidales,Prevotellaceae,Paraprevotella,NA
Bacteria.Bacteroidota.Bacteroidia.Bacteroidales.Prevotellaceae.Paraprevotella.xylaniphila,Bacteria,Bacteroidota,Bacteroidia,Bacteroidales,Prevotellaceae,Paraprevotella,xylaniphila
Bacteria.Bacteroidota.Bacteroidia.Bacteroidales.Prevotellaceae.Prevotella.amnii,Bacteria,Bacteroidota,Bacteroidia,Bacteroidales,Prevotellaceae,Prevotella,amnii
Bacteria.Bacteroidota.Bacteroidia.Bacteroidales.Prevotellaceae.Prevotella.bivia,Bacteria,Bacteroidota,Bacteroidia,Bacteroidales,Prevotellaceae,Prevotella,bivia
Bacteria.Bacteroidota.Bacteroidia.Bacteroidales.Prevotellaceae.Prevotella.colorans,Bacteria,Bacteroidota,Bacteroidia,Bacteroidales,Prevotellaceae,Prevotella,colorans
Bacteria.Bacteroidota.Bacteroidia.Bacteroidales.Prevotellaceae.Prevotella.copri,Bacteria,Bacteroidota,Bacteroidia,Bacteroidales,Prevotellaceae,Prevotella,copri
Bacteria.Bacteroidota.Bacteroidia.Bacteroidales.Prevotellaceae.Prevotella.corporis,Bacteria,Bacteroidota,Bacteroidia,Bacteroidales,Prevotellaceae,Prevotella,corporis
Bacteria.Bacteroidota.Bacteroidia.Bacteroidales.Prevotellaceae.Prevotella.disiens,Bacteria,Bacteroidota,Bacteroidia,Bacteroidales,Prevotellaceae,Prevotella,disiens
Bacteria.Bacteroidota.Bacteroidia.Bacteroidales.Prevotellaceae.Prevotella.NA,Bacteria,Bacteroidota,Bacteroidia,Bacteroidales,Prevotellaceae,Prevotella,NA
Bacteria.Bacteroidota.Bacteroidia.Bacteroidales.Prevotellaceae.Prevotella.oris,Bacteria,Bacteroidota,Bacteroidia,Bacteroidales,Prevotellaceae,Prevotella,oris
Bacteria.Bacteroidota.Bacteroidia.Bacteroidales.Prevotellaceae.Prevotella.timonensis,Bacteria,Bacteroidota,Bacteroidia,Bacteroidales,Prevotellaceae,Prevotella,timonensis
Bacteria.Bacteroidota.Bacteroidia.Bacteroidales.Prevotellaceae.Prevotellaceae_NK3B31_group.NA,Bacteria,Bacteroidota,Bacteroidia,Bacteroidales,Prevotellaceae,Prevotellaceae_NK3B31_group,NA
Bacteria.Bacteroidota.Bacteroidia.Bacteroidales.Prevotellaceae.Prevotellaceae_UCG-001.NA,Bacteria,Bacteroidota,Bacteroidia,Bacteroidales,Prevotellaceae,Prevotellaceae_UCG-001,NA
Bacteria.Bacteroidota.Bacteroidia.Bacteroidales.Prevotellaceae.Prevotellaceae_UCG-003.NA,Bacteria,Bacteroidota,Bacteroidia,Bacteroidales,Prevotellaceae,Prevotellaceae_UCG-003,NA
Bacteria.Bacteroidota.Bacteroidia.Bacteroidales.Prevotellaceae.Prevotellaceae_UCG-004.NA,Bacteria,Bacteroidota,Bacteroidia,Bacteroidales,Prevotellaceae,Prevotellaceae_UCG-004,NA
Bacteria.Bacteroidota.Bacteroidia.Bacteroidales.Rikenellaceae.Alistipes.finegoldii,Bacteria,Bacteroidota,Bacteroidia,Bacteroidales,Rikenellaceae,Alistipes,finegoldii
Bacteria.Bacteroidota.Bacteroidia.Bacteroidales.Rikenellaceae.Alistipes.ihumii,Bacteria,Bacteroidota,Bacteroidia,Bacteroidales,Rikenellaceae,Alistipes,ihumii
Bacteria.Bacteroidota.Bacteroidia.Bacteroidales.Rikenellaceae.Alistipes.indistinctus,Bacteria,Bacteroidota,Bacteroidia,Bacteroidales,Rikenellaceae,Alistipes,indistinctus
Bacteria.Bacteroidota.Bacteroidia.Bacteroidales.Rikenellaceae.Alistipes.inops,Bacteria,Bacteroidota,Bacteroidia,Bacteroidales,Rikenellaceae,Alistipes,inops
Bacteria.Bacteroidota.Bacteroidia.Bacteroidales.Rikenellaceae.Alistipes.massiliensis,Bacteria,Bacteroidota,Bacteroidia,Bacteroidales,Rikenellaceae,Alistipes,massiliensis
Bacteria.Bacteroidota.Bacteroidia.Bacteroidales.Rikenellaceae.Alistipes.NA,Bacteria,Bacteroidota,Bacteroidia,Bacteroidales,Rikenellaceae,Alistipes,NA
Bacteria.Bacteroidota.Bacteroidia.Bacteroidales.Rikenellaceae.Alistipes.obesi,Bacteria,Bacteroidota,Bacteroidia,Bacteroidales,Rikenellaceae,Alistipes,obesi
Bacteria.Bacteroidota.Bacteroidia.Bacteroidales.Rikenellaceae.Alistipes.putredinis,Bacteria,Bacteroidota,Bacteroidia,Bacteroidales,Rikenellaceae,Alistipes,putredinis
Bacteria.Bacteroidota.Bacteroidia.Bacteroidales.Rikenellaceae.Alistipes.senegalensis,Bacteria,Bacteroidota,Bacteroidia,Bacteroidales,Rikenellaceae,Alistipes,senegalensis
Bacteria.Bacteroidota.Bacteroidia.Bacteroidales.Rikenellaceae.Alistipes.shahii,Bacteria,Bacteroidota,Bacteroidia,Bacteroidales,Rikenellaceae,Alistipes,shahii
Bacteria.Bacteroidota.Bacteroidia.Bacteroidales.Rikenellaceae.Alistipes.timonensis,Bacteria,Bacteroidota,Bacteroidia,Bacteroidales,Rikenellaceae,Alistipes,timonensis
Bacteria.Bacteroidota.Bacteroidia.Bacteroidales.Rikenellaceae.NA.NA,Bacteria,Bacteroidota,Bacteroidia,Bacteroidales,Rikenellaceae,NA,NA
Bacteria.Bacteroidota.Bacteroidia.Bacteroidales.Rikenellaceae.Rikenellaceae_RC9_gut_group.NA,Bacteria,Bacteroidota,Bacteroidia,Bacteroidales,Rikenellaceae,Rikenellaceae_RC9_gut_group,NA
Bacteria.Bacteroidota.Bacteroidia.Bacteroidales.Tannerellaceae.NA.NA,Bacteria,Bacteroidota,Bacteroidia,Bacteroidales,Tannerellaceae,NA,NA
Bacteria.Bacteroidota.Bacteroidia.Bacteroidales.Tannerellaceae.Parabacteroides.distasonis,Bacteria,Bacteroidota,Bacteroidia,Bacteroidales,Tannerellaceae,Parabacteroides,distasonis
Bacteria.Bacteroidota.Bacteroidia.Bacteroidales.Tannerellaceae.Parabacteroides.gordonii,Bacteria,Bacteroidota,Bacteroidia,Bacteroidales,Tannerellaceae,Parabacteroides,gordonii
Bacteria.Bacteroidota.Bacteroidia.Bacteroidales.Tannerellaceae.Parabacteroides.merdae,Bacteria,Bacteroidota,Bacteroidia,Bacteroidales,Tannerellaceae,Parabacteroides,merdae
Bacteria.Bacteroidota.Bacteroidia.Bacteroidales.Tannerellaceae.Parabacteroides.NA,Bacteria,Bacteroidota,Bacteroidia,Bacteroidales,Tannerellaceae,Parabacteroides,NA
Bacteria.Bacteroidota.Bacteroidia.Flavobacteriales.Flavobacteriaceae.Flavobacterium.ceti,Bacteria,Bacteroidota,Bacteroidia,Flavobacteriales,Flavobacteriaceae,Flavobacterium,ceti
Bacteria.Bacteroidota.Bacteroidia.Flavobacteriales.Flavobacteriaceae.Flavobacterium.NA,Bacteria,Bacteroidota,Bacteroidia,Flavobacteriales,Flavobacteriaceae,Flavobacterium,NA
Bacteria.Bacteroidota.Bacteroidia.Flavobacteriales.Flavobacteriaceae.NA.NA,Bacteria,Bacteroidota,Bacteroidia,Flavobacteriales,Flavobacteriaceae,NA,NA
Bacteria.Bacteroidota.Bacteroidia.NA.NA.NA.NA,Bacteria,Bacteroidota,Bacteroidia,NA,NA,NA,NA
Bacteria.Bacteroidota.Bacteroidia.Sphingobacteriales.Sphingobacteriaceae.Pedobacter.NA,Bacteria,Bacteroidota,Bacteroidia,Sphingobacteriales,Sphingobacteriaceae,Pedobacter,NA
Bacteria.Bacteroidota.Bacteroidia.Sphingobacteriales.Sphingobacteriaceae.Pedobacter.nutrimenti,Bacteria,Bacteroidota,Bacteroidia,Sphingobacteriales,Sphingobacteriaceae,Pedobacter,nutrimenti
Bacteria.Bacteroidota.Bacteroidia.Sphingobacteriales.Sphingobacteriaceae.Sphingobacterium.spiritivorum,Bacteria,Bacteroidota,Bacteroidia,Sphingobacteriales,Sphingobacteriaceae,Sphingobacterium,spiritivorum
Bacteria.Bacteroidota.NA.NA.NA.NA.NA,Bacteria,Bacteroidota,NA,NA,NA,NA,NA
Bacteria.Cyanobacteria.Cyanobacteriia.Chloroplast.NA.NA.NA,Bacteria,Cyanobacteria,Cyanobacteriia,Chloroplast,NA,NA,NA
Bacteria.Cyanobacteria.Vampirivibrionia.Gastranaerophilales.NA.NA.NA,Bacteria,Cyanobacteria,Vampirivibrionia,Gastranaerophilales,NA,NA,NA
Bacteria.Desulfobacterota.Desulfovibrionia.Desulfovibrionales.Desulfovibrionaceae.Bilophila.wadsworthia,Bacteria,Desulfobacterota,Desulfovibrionia,Desulfovibrionales,Desulfovibrionaceae,Bilophila,wadsworthia
Bacteria.Desulfobacterota.Desulfovibrionia.Desulfovibrionales.Desulfovibrionaceae.Desulfovibrio.fairfieldensis,Bacteria,Desulfobacterota,Desulfovibrionia,Desulfovibrionales,Desulfovibrionaceae,Desulfovibrio,fairfieldensis
Bacteria.Desulfobacterota.Desulfovibrionia.Desulfovibrionales.Desulfovibrionaceae.Desulfovibrio.NA,Bacteria,Desulfobacterota,Desulfovibrionia,Desulfovibrionales,Desulfovibrionaceae,Desulfovibrio,NA
Bacteria.Desulfobacterota.Desulfovibrionia.Desulfovibrionales.Desulfovibrionaceae.Desulfovibrio.piger,Bacteria,Desulfobacterota,Desulfovibrionia,Desulfovibrionales,Desulfovibrionaceae,Desulfovibrio,piger
Bacteria.Elusimicrobiota.Elusimicrobia.Elusimicrobiales.Elusimicrobiaceae.Elusimicrobium.NA,Bacteria,Elusimicrobiota,Elusimicrobia,Elusimicrobiales,Elusimicrobiaceae,Elusimicrobium,NA
Bacteria.Firmicutes.Bacilli.Acholeplasmatales.Acholeplasmataceae.Anaeroplasma.NA,Bacteria,Firmicutes,Bacilli,Acholeplasmatales,Acholeplasmataceae,Anaeroplasma,NA
Bacteria.Firmicutes.Bacilli.Alicyclobacillales.Alicyclobacillaceae.Tumebacillus.NA,Bacteria,Firmicutes,Bacilli,Alicyclobacillales,Alicyclobacillaceae,Tumebacillus,NA
Bacteria.Firmicutes.Bacilli.Bacillales.Bacillaceae.Bacillus.NA,Bacteria,Firmicutes,Bacilli,Bacillales,Bacillaceae,Bacillus,NA
Bacteria.Firmicutes.Bacilli.Bacillales.Bacillaceae.NA.NA,Bacteria,Firmicutes,Bacilli,Bacillales,Bacillaceae,NA,NA
Bacteria.Firmicutes.Bacilli.Bacillales.Planococcaceae.Lysinibacillus.NA,Bacteria,Firmicutes,Bacilli,Bacillales,Planococcaceae,Lysinibacillus,NA
Bacteria.Firmicutes.Bacilli.Bacillales.Planococcaceae.Rummeliibacillus.pycnus,Bacteria,Firmicutes,Bacilli,Bacillales,Planococcaceae,Rummeliibacillus,pycnus
Bacteria.Firmicutes.Bacilli.Bacillales.Planococcaceae.Solibacillus.NA,Bacteria,Firmicutes,Bacilli,Bacillales,Planococcaceae,Solibacillus,NA
Bacteria.Firmicutes.Bacilli.Erysipelotrichales.Erysipelatoclostridiaceae.Candidatus_Stoquefichus.NA,Bacteria,Firmicutes,Bacilli,Erysipelotrichales,Erysipelatoclostridiaceae,Candidatus_Stoquefichus,NA
Bacteria.Firmicutes.Bacilli.Erysipelotrichales.Erysipelatoclostridiaceae.Catenibacterium.mitsuokai,Bacteria,Firmicutes,Bacilli,Erysipelotrichales,Erysipelatoclostridiaceae,Catenibacterium,mitsuokai
Bacteria.Firmicutes.Bacilli.Erysipelotrichales.Erysipelatoclostridiaceae.Catenibacterium.NA,Bacteria,Firmicutes,Bacilli,Erysipelotrichales,Erysipelatoclostridiaceae,Catenibacterium,NA
Bacteria.Firmicutes.Bacilli.Erysipelotrichales.Erysipelatoclostridiaceae.Coprobacillus.cateniformis,Bacteria,Firmicutes,Bacilli,Erysipelotrichales,Erysipelatoclostridiaceae,Coprobacillus,cateniformis
Bacteria.Firmicutes.Bacilli.Erysipelotrichales.Erysipelatoclostridiaceae.Erysipelatoclostridium.NA,Bacteria,Firmicutes,Bacilli,Erysipelotrichales,Erysipelatoclostridiaceae,Erysipelatoclostridium,NA
Bacteria.Firmicutes.Bacilli.Erysipelotrichales.Erysipelatoclostridiaceae.Erysipelatoclostridium.ramosum,Bacteria,Firmicutes,Bacilli,Erysipelotrichales,Erysipelatoclostridiaceae,Erysipelatoclostridium,ramosum
Bacteria.Firmicutes.Bacilli.Erysipelotrichales.Erysipelatoclostridiaceae.Erysipelotrichaceae_UCG-003.bacterium,Bacteria,Firmicutes,Bacilli,Erysipelotrichales,Erysipelatoclostridiaceae,Erysipelotrichaceae_UCG-003,bacterium
Bacteria.Firmicutes.Bacilli.Erysipelotrichales.Erysipelatoclostridiaceae.Erysipelotrichaceae_UCG-003.NA,Bacteria,Firmicutes,Bacilli,Erysipelotrichales,Erysipelatoclostridiaceae,Erysipelotrichaceae_UCG-003,NA
Bacteria.Firmicutes.Bacilli.Erysipelotrichales.Erysipelatoclostridiaceae.NA.NA,Bacteria,Firmicutes,Bacilli,Erysipelotrichales,Erysipelatoclostridiaceae,NA,NA
Bacteria.Firmicutes.Bacilli.Erysipelotrichales.Erysipelotrichaceae.Catenisphaera.NA,Bacteria,Firmicutes,Bacilli,Erysipelotrichales,Erysipelotrichaceae,Catenisphaera,NA
Bacteria.Firmicutes.Bacilli.Erysipelotrichales.Erysipelotrichaceae.Dielma.fastidiosa,Bacteria,Firmicutes,Bacilli,Erysipelotrichales,Erysipelotrichaceae,Dielma,fastidiosa
Bacteria.Firmicutes.Bacilli.Erysipelotrichales.Erysipelotrichaceae.Dielma.NA,Bacteria,Firmicutes,Bacilli,Erysipelotrichales,Erysipelotrichaceae,Dielma,NA
Bacteria.Firmicutes.Bacilli.Erysipelotrichales.Erysipelotrichaceae.Faecalicoccus.acidiformans,Bacteria,Firmicutes,Bacilli,Erysipelotrichales,Erysipelotrichaceae,Faecalicoccus,acidiformans
Bacteria.Firmicutes.Bacilli.Erysipelotrichales.Erysipelotrichaceae.Faecalicoccus.pleomorphus,Bacteria,Firmicutes,Bacilli,Erysipelotrichales,Erysipelotrichaceae,Faecalicoccus,pleomorphus
Bacteria.Firmicutes.Bacilli.Erysipelotrichales.Erysipelotrichaceae.Faecalitalea.cylindroides,Bacteria,Firmicutes,Bacilli,Erysipelotrichales,Erysipelotrichaceae,Faecalitalea,cylindroides
Bacteria.Firmicutes.Bacilli.Erysipelotrichales.Erysipelotrichaceae.Faecalitalea.NA,Bacteria,Firmicutes,Bacilli,Erysipelotrichales,Erysipelotrichaceae,Faecalitalea,NA
Bacteria.Firmicutes.Bacilli.Erysipelotrichales.Erysipelotrichaceae.Holdemanella.biformis,Bacteria,Firmicutes,Bacilli,Erysipelotrichales,Erysipelotrichaceae,Holdemanella,biformis
Bacteria.Firmicutes.Bacilli.Erysipelotrichales.Erysipelotrichaceae.Holdemanella.NA,Bacteria,Firmicutes,Bacilli,Erysipelotrichales,Erysipelotrichaceae,Holdemanella,NA
Bacteria.Firmicutes.Bacilli.Erysipelotrichales.Erysipelotrichaceae.Holdemania.filiformis,Bacteria,Firmicutes,Bacilli,Erysipelotrichales,Erysipelotrichaceae,Holdemania,filiformis
Bacteria.Firmicutes.Bacilli.Erysipelotrichales.Erysipelotrichaceae.Holdemania.massiliensis,Bacteria,Firmicutes,Bacilli,Erysipelotrichales,Erysipelotrichaceae,Holdemania,massiliensis
Bacteria.Firmicutes.Bacilli.Erysipelotrichales.Erysipelotrichaceae.Holdemania.NA,Bacteria,Firmicutes,Bacilli,Erysipelotrichales,Erysipelotrichaceae,Holdemania,NA
Bacteria.Firmicutes.Bacilli.Erysipelotrichales.Erysipelotrichaceae.Merdibacter.massiliensis,Bacteria,Firmicutes,Bacilli,Erysipelotrichales,Erysipelotrichaceae,Merdibacter,massiliensis
Bacteria.Firmicutes.Bacilli.Erysipelotrichales.Erysipelotrichaceae.Merdibacter.NA,Bacteria,Firmicutes,Bacilli,Erysipelotrichales,Erysipelotrichaceae,Merdibacter,NA
Bacteria.Firmicutes.Bacilli.Erysipelotrichales.Erysipelotrichaceae.NA.NA,Bacteria,Firmicutes,Bacilli,Erysipelotrichales,Erysipelotrichaceae,NA,NA
Bacteria.Firmicutes.Bacilli.Erysipelotrichales.Erysipelotrichaceae.Solobacterium.NA,Bacteria,Firmicutes,Bacilli,Erysipelotrichales,Erysipelotrichaceae,Solobacterium,NA
Bacteria.Firmicutes.Bacilli.Erysipelotrichales.Erysipelotrichaceae.Turicibacter.NA,Bacteria,Firmicutes,Bacilli,Erysipelotrichales,Erysipelotrichaceae,Turicibacter,NA
Bacteria.Firmicutes.Bacilli.Erysipelotrichales.Erysipelotrichaceae.Turicibacter.sanguinis,Bacteria,Firmicutes,Bacilli,Erysipelotrichales,Erysipelotrichaceae,Turicibacter,sanguinis
Bacteria.Firmicutes.Bacilli.Erysipelotrichales.NA.NA.NA,Bacteria,Firmicutes,Bacilli,Erysipelotrichales,NA,NA,NA
Bacteria.Firmicutes.Bacilli.Izemoplasmatales.NA.NA.NA,Bacteria,Firmicutes,Bacilli,Izemoplasmatales,NA,NA,NA
Bacteria.Firmicutes.Bacilli.Lactobacillales.Aerococcaceae.Abiotrophia.defectiva,Bacteria,Firmicutes,Bacilli,Lactobacillales,Aerococcaceae,Abiotrophia,defectiva
Bacteria.Firmicutes.Bacilli.Lactobacillales.Carnobacteriaceae.Granulicatella.elegans,Bacteria,Firmicutes,Bacilli,Lactobacillales,Carnobacteriaceae,Granulicatella,elegans
Bacteria.Firmicutes.Bacilli.Lactobacillales.Carnobacteriaceae.Granulicatella.NA,Bacteria,Firmicutes,Bacilli,Lactobacillales,Carnobacteriaceae,Granulicatella,NA
Bacteria.Firmicutes.Bacilli.Lactobacillales.Carnobacteriaceae.NA.NA,Bacteria,Firmicutes,Bacilli,Lactobacillales,Carnobacteriaceae,NA,NA
Bacteria.Firmicutes.Bacilli.Lactobacillales.Enterococcaceae.Enterococcus.durans,Bacteria,Firmicutes,Bacilli,Lactobacillales,Enterococcaceae,Enterococcus,durans
Bacteria.Firmicutes.Bacilli.Lactobacillales.Enterococcaceae.Enterococcus.NA,Bacteria,Firmicutes,Bacilli,Lactobacillales,Enterococcaceae,Enterococcus,NA
Bacteria.Firmicutes.Bacilli.Lactobacillales.Enterococcaceae.Enterococcus.pallens,Bacteria,Firmicutes,Bacilli,Lactobacillales,Enterococcaceae,Enterococcus,pallens
Bacteria.Firmicutes.Bacilli.Lactobacillales.Lactobacillaceae.Lactobacillus.algidus,Bacteria,Firmicutes,Bacilli,Lactobacillales,Lactobacillaceae,Lactobacillus,algidus
Bacteria.Firmicutes.Bacilli.Lactobacillales.Lactobacillaceae.Lactobacillus.crispatus,Bacteria,Firmicutes,Bacilli,Lactobacillales,Lactobacillaceae,Lactobacillus,crispatus
Bacteria.Firmicutes.Bacilli.Lactobacillales.Lactobacillaceae.Lactobacillus.delbrueckii,Bacteria,Firmicutes,Bacilli,Lactobacillales,Lactobacillaceae,Lactobacillus,delbrueckii
Bacteria.Firmicutes.Bacilli.Lactobacillales.Lactobacillaceae.Lactobacillus.iners,Bacteria,Firmicutes,Bacilli,Lactobacillales,Lactobacillaceae,Lactobacillus,iners
Bacteria.Firmicutes.Bacilli.Lactobacillales.Lactobacillaceae.Lactobacillus.jensenii,Bacteria,Firmicutes,Bacilli,Lactobacillales,Lactobacillaceae,Lactobacillus,jensenii
Bacteria.Firmicutes.Bacilli.Lactobacillales.Lactobacillaceae.Lactobacillus.NA,Bacteria,Firmicutes,Bacilli,Lactobacillales,Lactobacillaceae,Lactobacillus,NA
Bacteria.Firmicutes.Bacilli.Lactobacillales.Lactobacillaceae.Lactobacillus.oris,Bacteria,Firmicutes,Bacilli,Lactobacillales,Lactobacillaceae,Lactobacillus,oris
Bacteria.Firmicutes.Bacilli.Lactobacillales.Lactobacillaceae.Lactobacillus.paracasei,Bacteria,Firmicutes,Bacilli,Lactobacillales,Lactobacillaceae,Lactobacillus,paracasei
Bacteria.Firmicutes.Bacilli.Lactobacillales.Lactobacillaceae.Lactobacillus.reuteri,Bacteria,Firmicutes,Bacilli,Lactobacillales,Lactobacillaceae,Lactobacillus,reuteri
Bacteria.Firmicutes.Bacilli.Lactobacillales.Lactobacillaceae.Lactobacillus.ruminis,Bacteria,Firmicutes,Bacilli,Lactobacillales,Lactobacillaceae,Lactobacillus,ruminis
Bacteria.Firmicutes.Bacilli.Lactobacillales.Lactobacillaceae.Lactobacillus.sanfranciscensis,Bacteria,Firmicutes,Bacilli,Lactobacillales,Lactobacillaceae,Lactobacillus,sanfranciscensis
Bacteria.Firmicutes.Bacilli.Lactobacillales.Lactobacillaceae.NA.NA,Bacteria,Firmicutes,Bacilli,Lactobacillales,Lactobacillaceae,NA,NA
Bacteria.Firmicutes.Bacilli.Lactobacillales.Leuconostocaceae.Weissella.NA,Bacteria,Firmicutes,Bacilli,Lactobacillales,Leuconostocaceae,Weissella,NA
Bacteria.Firmicutes.Bacilli.Lactobacillales.NA.NA.NA,Bacteria,Firmicutes,Bacilli,Lactobacillales,NA,NA,NA
Bacteria.Firmicutes.Bacilli.Lactobacillales.Streptococcaceae.Lactococcus.NA,Bacteria,Firmicutes,Bacilli,Lactobacillales,Streptococcaceae,Lactococcus,NA
Bacteria.Firmicutes.Bacilli.Lactobacillales.Streptococcaceae.Lactococcus.piscium,Bacteria,Firmicutes,Bacilli,Lactobacillales,Streptococcaceae,Lactococcus,piscium
Bacteria.Firmicutes.Bacilli.Lactobacillales.Streptococcaceae.NA.NA,Bacteria,Firmicutes,Bacilli,Lactobacillales,Streptococcaceae,NA,NA
Bacteria.Firmicutes.Bacilli.Lactobacillales.Streptococcaceae.Streptococcus.henryi,Bacteria,Firmicutes,Bacilli,Lactobacillales,Streptococcaceae,Streptococcus,henryi
Bacteria.Firmicutes.Bacilli.Lactobacillales.Streptococcaceae.Streptococcus.massiliensis,Bacteria,Firmicutes,Bacilli,Lactobacillales,Streptococcaceae,Streptococcus,massiliensis
Bacteria.Firmicutes.Bacilli.Lactobacillales.Streptococcaceae.Streptococcus.mutans,Bacteria,Firmicutes,Bacilli,Lactobacillales,Streptococcaceae,Streptococcus,mutans
Bacteria.Firmicutes.Bacilli.Lactobacillales.Streptococcaceae.Streptococcus.NA,Bacteria,Firmicutes,Bacilli,Lactobacillales,Streptococcaceae,Streptococcus,NA
Bacteria.Firmicutes.Bacilli.Lactobacillales.Streptococcaceae.Streptococcus.salivarius,Bacteria,Firmicutes,Bacilli,Lactobacillales,Streptococcaceae,Streptococcus,salivarius
Bacteria.Firmicutes.Bacilli.Lactobacillales.Streptococcaceae.Streptococcus.sobrinus,Bacteria,Firmicutes,Bacilli,Lactobacillales,Streptococcaceae,Streptococcus,sobrinus
Bacteria.Firmicutes.Bacilli.NA.NA.NA.NA,Bacteria,Firmicutes,Bacilli,NA,NA,NA,NA
Bacteria.Firmicutes.Bacilli.RF39.NA.NA.NA,Bacteria,Firmicutes,Bacilli,RF39,NA,NA,NA
Bacteria.Firmicutes.Bacilli.Staphylococcales.Gemellaceae.Gemella.morbillorum,Bacteria,Firmicutes,Bacilli,Staphylococcales,Gemellaceae,Gemella,morbillorum
Bacteria.Firmicutes.Bacilli.Staphylococcales.Gemellaceae.Gemella.NA,Bacteria,Firmicutes,Bacilli,Staphylococcales,Gemellaceae,Gemella,NA
Bacteria.Firmicutes.Bacilli.Staphylococcales.Gemellaceae.Gemella.sanguinis,Bacteria,Firmicutes,Bacilli,Staphylococcales,Gemellaceae,Gemella,sanguinis
Bacteria.Firmicutes.Bacilli.Staphylococcales.Staphylococcaceae.Staphylococcus.NA,Bacteria,Firmicutes,Bacilli,Staphylococcales,Staphylococcaceae,Staphylococcus,NA
Bacteria.Firmicutes.Clostridia.Christensenellales.Christensenellaceae.Christensenella.massiliensis,Bacteria,Firmicutes,Clostridia,Christensenellales,Christensenellaceae,Christensenella,massiliensis
Bacteria.Firmicutes.Clostridia.Christensenellales.Christensenellaceae.Christensenella.minuta,Bacteria,Firmicutes,Clostridia,Christensenellales,Christensenellaceae,Christensenella,minuta
Bacteria.Firmicutes.Clostridia.Christensenellales.Christensenellaceae.Christensenella.NA,Bacteria,Firmicutes,Clostridia,Christensenellales,Christensenellaceae,Christensenella,NA
Bacteria.Firmicutes.Clostridia.Christensenellales.Christensenellaceae.Christensenellaceae_R-7_group.NA,Bacteria,Firmicutes,Clostridia,Christensenellales,Christensenellaceae,Christensenellaceae_R-7_group,NA
Bacteria.Firmicutes.Clostridia.Christensenellales.Christensenellaceae.NA.NA,Bacteria,Firmicutes,Clostridia,Christensenellales,Christensenellaceae,NA,NA
Bacteria.Firmicutes.Clostridia.Clostridia_or.Gracilibacteraceae.NA.NA,Bacteria,Firmicutes,Clostridia,Clostridia_or,Gracilibacteraceae,NA,NA
Bacteria.Firmicutes.Clostridia.Clostridia_or.Hungateiclostridiaceae.Fastidiosipila.NA,Bacteria,Firmicutes,Clostridia,Clostridia_or,Hungateiclostridiaceae,Fastidiosipila,NA
Bacteria.Firmicutes.Clostridia.Clostridia_or.Hungateiclostridiaceae.NA.NA,Bacteria,Firmicutes,Clostridia,Clostridia_or,Hungateiclostridiaceae,NA,NA
Bacteria.Firmicutes.Clostridia.Clostridia_or.Hungateiclostridiaceae.Ruminiclostridium.NA,Bacteria,Firmicutes,Clostridia,Clostridia_or,Hungateiclostridiaceae,Ruminiclostridium,NA
Bacteria.Firmicutes.Clostridia.Clostridia_UCG-014.NA.NA.NA,Bacteria,Firmicutes,Clostridia,Clostridia_UCG-014,NA,NA,NA
Bacteria.Firmicutes.Clostridia.Clostridia_vadinBB60_group.NA.NA.NA,Bacteria,Firmicutes,Clostridia,Clostridia_vadinBB60_group,NA,NA,NA
Bacteria.Firmicutes.Clostridia.Clostridiales.Clostridiaceae.Clostridium_sensu_stricto_1.butyricum,Bacteria,Firmicutes,Clostridia,Clostridiales,Clostridiaceae,Clostridium_sensu_stricto_1,butyricum
Bacteria.Firmicutes.Clostridia.Clostridiales.Clostridiaceae.Clostridium_sensu_stricto_1.disporicum,Bacteria,Firmicutes,Clostridia,Clostridiales,Clostridiaceae,Clostridium_sensu_stricto_1,disporicum
Bacteria.Firmicutes.Clostridia.Clostridiales.Clostridiaceae.Clostridium_sensu_stricto_1.NA,Bacteria,Firmicutes,Clostridia,Clostridiales,Clostridiaceae,Clostridium_sensu_stricto_1,NA
Bacteria.Firmicutes.Clostridia.Clostridiales.Clostridiaceae.Clostridium_sensu_stricto_1.neonatale,Bacteria,Firmicutes,Clostridia,Clostridiales,Clostridiaceae,Clostridium_sensu_stricto_1,neonatale
Bacteria.Firmicutes.Clostridia.Clostridiales.Clostridiaceae.Clostridium_sensu_stricto_1.paraputrificum,Bacteria,Firmicutes,Clostridia,Clostridiales,Clostridiaceae,Clostridium_sensu_stricto_1,paraputrificum
Bacteria.Firmicutes.Clostridia.Clostridiales.Clostridiaceae.Clostridium_sensu_stricto_1.quinii,Bacteria,Firmicutes,Clostridia,Clostridiales,Clostridiaceae,Clostridium_sensu_stricto_1,quinii
Bacteria.Firmicutes.Clostridia.Clostridiales.Clostridiaceae.Clostridium_sensu_stricto_1.tertium,Bacteria,Firmicutes,Clostridia,Clostridiales,Clostridiaceae,Clostridium_sensu_stricto_1,tertium
Bacteria.Firmicutes.Clostridia.Clostridiales.Clostridiaceae.Clostridium_sensu_stricto_13.subterminale,Bacteria,Firmicutes,Clostridia,Clostridiales,Clostridiaceae,Clostridium_sensu_stricto_13,subterminale
Bacteria.Firmicutes.Clostridia.Clostridiales.Clostridiaceae.Clostridium_sensu_stricto_2.NA,Bacteria,Firmicutes,Clostridia,Clostridiales,Clostridiaceae,Clostridium_sensu_stricto_2,NA
Bacteria.Firmicutes.Clostridia.Clostridiales.Clostridiaceae.Clostridium_sensu_stricto_3.NA,Bacteria,Firmicutes,Clostridia,Clostridiales,Clostridiaceae,Clostridium_sensu_stricto_3,NA
Bacteria.Firmicutes.Clostridia.Clostridiales.Clostridiaceae.Clostridium_sensu_stricto_6.bornimense,Bacteria,Firmicutes,Clostridia,Clostridiales,Clostridiaceae,Clostridium_sensu_stricto_6,bornimense
Bacteria.Firmicutes.Clostridia.Clostridiales.Clostridiaceae.NA.NA,Bacteria,Firmicutes,Clostridia,Clostridiales,Clostridiaceae,NA,NA
Bacteria.Firmicutes.Clostridia.Eubacteriales.Anaerofustaceae.Anaerofustis.NA,Bacteria,Firmicutes,Clostridia,Eubacteriales,Anaerofustaceae,Anaerofustis,NA
Bacteria.Firmicutes.Clostridia.Eubacteriales.Anaerofustaceae.Anaerofustis.stercorihominis,Bacteria,Firmicutes,Clostridia,Eubacteriales,Anaerofustaceae,Anaerofustis,stercorihominis
Bacteria.Firmicutes.Clostridia.Eubacteriales.Eubacteriaceae.Eubacterium.limosum,Bacteria,Firmicutes,Clostridia,Eubacteriales,Eubacteriaceae,Eubacterium,limosum
Bacteria.Firmicutes.Clostridia.Eubacteriales.Eubacteriaceae.Eubacterium.NA,Bacteria,Firmicutes,Clostridia,Eubacteriales,Eubacteriaceae,Eubacterium,NA
Bacteria.Firmicutes.Clostridia.Eubacteriales.Eubacteriales_fa.Alkalibaculum.NA,Bacteria,Firmicutes,Clostridia,Eubacteriales,Eubacteriales_fa,Alkalibaculum,NA
Bacteria.Firmicutes.Clostridia.Lachnospirales.Defluviitaleaceae.Defluviitaleaceae_UCG-011.NA,Bacteria,Firmicutes,Clostridia,Lachnospirales,Defluviitaleaceae,Defluviitaleaceae_UCG-011,NA
Bacteria.Firmicutes.Clostridia.Lachnospirales.Lachnospiraceae.A2.NA,Bacteria,Firmicutes,Clostridia,Lachnospirales,Lachnospiraceae,A2,NA
Bacteria.Firmicutes.Clostridia.Lachnospirales.Lachnospiraceae.Acetitomaculum.NA,Bacteria,Firmicutes,Clostridia,Lachnospirales,Lachnospiraceae,Acetitomaculum,NA
Bacteria.Firmicutes.Clostridia.Lachnospirales.Lachnospiraceae.Agathobacter.NA,Bacteria,Firmicutes,Clostridia,Lachnospirales,Lachnospiraceae,Agathobacter,NA
Bacteria.Firmicutes.Clostridia.Lachnospirales.Lachnospiraceae.Anaerosporobacter.NA,Bacteria,Firmicutes,Clostridia,Lachnospirales,Lachnospiraceae,Anaerosporobacter,NA
Bacteria.Firmicutes.Clostridia.Lachnospirales.Lachnospiraceae.Anaerostignum.NA,Bacteria,Firmicutes,Clostridia,Lachnospirales,Lachnospiraceae,Anaerostignum,NA
Bacteria.Firmicutes.Clostridia.Lachnospirales.Lachnospiraceae.Anaerostipes.butyraticus,Bacteria,Firmicutes,Clostridia,Lachnospirales,Lachnospiraceae,Anaerostipes,butyraticus
Bacteria.Firmicutes.Clostridia.Lachnospirales.Lachnospiraceae.Anaerostipes.caccae,Bacteria,Firmicutes,Clostridia,Lachnospirales,Lachnospiraceae,Anaerostipes,caccae
Bacteria.Firmicutes.Clostridia.Lachnospirales.Lachnospiraceae.Anaerostipes.hadrus,Bacteria,Firmicutes,Clostridia,Lachnospirales,Lachnospiraceae,Anaerostipes,hadrus
Bacteria.Firmicutes.Clostridia.Lachnospirales.Lachnospiraceae.Anaerostipes.NA,Bacteria,Firmicutes,Clostridia,Lachnospirales,Lachnospiraceae,Anaerostipes,NA
Bacteria.Firmicutes.Clostridia.Lachnospirales.Lachnospiraceae.ASF356.NA,Bacteria,Firmicutes,Clostridia,Lachnospirales,Lachnospiraceae,ASF356,NA
Bacteria.Firmicutes.Clostridia.Lachnospirales.Lachnospiraceae.Blautia.glucerasea,Bacteria,Firmicutes,Clostridia,Lachnospirales,Lachnospiraceae,Blautia,glucerasea
Bacteria.Firmicutes.Clostridia.Lachnospirales.Lachnospiraceae.Blautia.hydrogenotrophica,Bacteria,Firmicutes,Clostridia,Lachnospirales,Lachnospiraceae,Blautia,hydrogenotrophica
Bacteria.Firmicutes.Clostridia.Lachnospirales.Lachnospiraceae.Blautia.massiliensis,Bacteria,Firmicutes,Clostridia,Lachnospirales,Lachnospiraceae,Blautia,massiliensis
Bacteria.Firmicutes.Clostridia.Lachnospirales.Lachnospiraceae.Blautia.NA,Bacteria,Firmicutes,Clostridia,Lachnospirales,Lachnospiraceae,Blautia,NA
Bacteria.Firmicutes.Clostridia.Lachnospirales.Lachnospiraceae.Blautia.obeum,Bacteria,Firmicutes,Clostridia,Lachnospirales,Lachnospiraceae,Blautia,obeum
Bacteria.Firmicutes.Clostridia.Lachnospirales.Lachnospiraceae.CAG-56.NA,Bacteria,Firmicutes,Clostridia,Lachnospirales,Lachnospiraceae,CAG-56,NA
Bacteria.Firmicutes.Clostridia.Lachnospirales.Lachnospiraceae.Catenibacillus.NA,Bacteria,Firmicutes,Clostridia,Lachnospirales,Lachnospiraceae,Catenibacillus,NA
Bacteria.Firmicutes.Clostridia.Lachnospirales.Lachnospiraceae.CHKCI001.NA,Bacteria,Firmicutes,Clostridia,Lachnospirales,Lachnospiraceae,CHKCI001,NA
Bacteria.Firmicutes.Clostridia.Lachnospirales.Lachnospiraceae.Coprococcus.comes,Bacteria,Firmicutes,Clostridia,Lachnospirales,Lachnospiraceae,Coprococcus,comes
Bacteria.Firmicutes.Clostridia.Lachnospirales.Lachnospiraceae.Coprococcus.eutactus,Bacteria,Firmicutes,Clostridia,Lachnospirales,Lachnospiraceae,Coprococcus,eutactus
Bacteria.Firmicutes.Clostridia.Lachnospirales.Lachnospiraceae.Coprococcus.NA,Bacteria,Firmicutes,Clostridia,Lachnospirales,Lachnospiraceae,Coprococcus,NA
Bacteria.Firmicutes.Clostridia.Lachnospirales.Lachnospiraceae.Dorea.formicigenerans,Bacteria,Firmicutes,Clostridia,Lachnospirales,Lachnospiraceae,Dorea,formicigenerans
Bacteria.Firmicutes.Clostridia.Lachnospirales.Lachnospiraceae.Dorea.longicatena,Bacteria,Firmicutes,Clostridia,Lachnospirales,Lachnospiraceae,Dorea,longicatena
Bacteria.Firmicutes.Clostridia.Lachnospirales.Lachnospiraceae.Dorea.NA,Bacteria,Firmicutes,Clostridia,Lachnospirales,Lachnospiraceae,Dorea,NA
Bacteria.Firmicutes.Clostridia.Lachnospirales.Lachnospiraceae.Eisenbergiella.massiliensis,Bacteria,Firmicutes,Clostridia,Lachnospirales,Lachnospiraceae,Eisenbergiella,massiliensis
Bacteria.Firmicutes.Clostridia.Lachnospirales.Lachnospiraceae.Eisenbergiella.NA,Bacteria,Firmicutes,Clostridia,Lachnospirales,Lachnospiraceae,Eisenbergiella,NA
Bacteria.Firmicutes.Clostridia.Lachnospirales.Lachnospiraceae.Eisenbergiella.tayi,Bacteria,Firmicutes,Clostridia,Lachnospirales,Lachnospiraceae,Eisenbergiella,tayi
Bacteria.Firmicutes.Clostridia.Lachnospirales.Lachnospiraceae.Epulopiscium.NA,Bacteria,Firmicutes,Clostridia,Lachnospirales,Lachnospiraceae,Epulopiscium,NA
Bacteria.Firmicutes.Clostridia.Lachnospirales.Lachnospiraceae.FD2005.NA,Bacteria,Firmicutes,Clostridia,Lachnospirales,Lachnospiraceae,FD2005,NA
Bacteria.Firmicutes.Clostridia.Lachnospirales.Lachnospiraceae.Frisingicoccus.caecimuris,Bacteria,Firmicutes,Clostridia,Lachnospirales,Lachnospiraceae,Frisingicoccus,caecimuris
Bacteria.Firmicutes.Clostridia.Lachnospirales.Lachnospiraceae.Frisingicoccus.NA,Bacteria,Firmicutes,Clostridia,Lachnospirales,Lachnospiraceae,Frisingicoccus,NA
Bacteria.Firmicutes.Clostridia.Lachnospirales.Lachnospiraceae.Fusicatenibacter.NA,Bacteria,Firmicutes,Clostridia,Lachnospirales,Lachnospiraceae,Fusicatenibacter,NA
Bacteria.Firmicutes.Clostridia.Lachnospirales.Lachnospiraceae.Fusicatenibacter.saccharivorans,Bacteria,Firmicutes,Clostridia,Lachnospirales,Lachnospiraceae,Fusicatenibacter,saccharivorans
Bacteria.Firmicutes.Clostridia.Lachnospirales.Lachnospiraceae.GCA-900066575.NA,Bacteria,Firmicutes,Clostridia,Lachnospirales,Lachnospiraceae,GCA-900066575,NA
Bacteria.Firmicutes.Clostridia.Lachnospirales.Lachnospiraceae.GCA-900066755.NA,Bacteria,Firmicutes,Clostridia,Lachnospirales,Lachnospiraceae,GCA-900066755,NA
Bacteria.Firmicutes.Clostridia.Lachnospirales.Lachnospiraceae.Howardella.NA,Bacteria,Firmicutes,Clostridia,Lachnospirales,Lachnospiraceae,Howardella,NA
Bacteria.Firmicutes.Clostridia.Lachnospirales.Lachnospiraceae.Hungatella.hathewayi,Bacteria,Firmicutes,Clostridia,Lachnospirales,Lachnospiraceae,Hungatella,hathewayi
Bacteria.Firmicutes.Clostridia.Lachnospirales.Lachnospiraceae.Hungatella.NA,Bacteria,Firmicutes,Clostridia,Lachnospirales,Lachnospiraceae,Hungatella,NA
Bacteria.Firmicutes.Clostridia.Lachnospirales.Lachnospiraceae.Lachnoclostridium.NA,Bacteria,Firmicutes,Clostridia,Lachnospirales,Lachnospiraceae,Lachnoclostridium,NA
Bacteria.Firmicutes.Clostridia.Lachnospirales.Lachnospiraceae.Lachnoclostridium.pacaense,Bacteria,Firmicutes,Clostridia,Lachnospirales,Lachnospiraceae,Lachnoclostridium,pacaense
Bacteria.Firmicutes.Clostridia.Lachnospirales.Lachnospiraceae.Lachnospira.NA,Bacteria,Firmicutes,Clostridia,Lachnospirales,Lachnospiraceae,Lachnospira,NA
Bacteria.Firmicutes.Clostridia.Lachnospirales.Lachnospiraceae.Lachnospira.pectinoschiza,Bacteria,Firmicutes,Clostridia,Lachnospirales,Lachnospiraceae,Lachnospira,pectinoschiza
Bacteria.Firmicutes.Clostridia.Lachnospirales.Lachnospiraceae.Lachnospiraceae_AC2044_group.NA,Bacteria,Firmicutes,Clostridia,Lachnospirales,Lachnospiraceae,Lachnospiraceae_AC2044_group,NA
Bacteria.Firmicutes.Clostridia.Lachnospirales.Lachnospiraceae.Lachnospiraceae_FCS020_group.bacterium,Bacteria,Firmicutes,Clostridia,Lachnospirales,Lachnospiraceae,Lachnospiraceae_FCS020_group,bacterium
Bacteria.Firmicutes.Clostridia.Lachnospirales.Lachnospiraceae.Lachnospiraceae_FCS020_group.NA,Bacteria,Firmicutes,Clostridia,Lachnospirales,Lachnospiraceae,Lachnospiraceae_FCS020_group,NA
Bacteria.Firmicutes.Clostridia.Lachnospirales.Lachnospiraceae.Lachnospiraceae_ND3007_group.NA,Bacteria,Firmicutes,Clostridia,Lachnospirales,Lachnospiraceae,Lachnospiraceae_ND3007_group,NA
Bacteria.Firmicutes.Clostridia.Lachnospirales.Lachnospiraceae.Lachnospiraceae_NK4A136_group.bacterium,Bacteria,Firmicutes,Clostridia,Lachnospirales,Lachnospiraceae,Lachnospiraceae_NK4A136_group,bacterium
Bacteria.Firmicutes.Clostridia.Lachnospirales.Lachnospiraceae.Lachnospiraceae_NK4A136_group.NA,Bacteria,Firmicutes,Clostridia,Lachnospirales,Lachnospiraceae,Lachnospiraceae_NK4A136_group,NA
Bacteria.Firmicutes.Clostridia.Lachnospirales.Lachnospiraceae.Lachnospiraceae_NK4B4_group.NA,Bacteria,Firmicutes,Clostridia,Lachnospirales,Lachnospiraceae,Lachnospiraceae_NK4B4_group,NA
Bacteria.Firmicutes.Clostridia.Lachnospirales.Lachnospiraceae.Lachnospiraceae_UCG-001.NA,Bacteria,Firmicutes,Clostridia,Lachnospirales,Lachnospiraceae,Lachnospiraceae_UCG-001,NA
Bacteria.Firmicutes.Clostridia.Lachnospirales.Lachnospiraceae.Lachnospiraceae_UCG-002.NA,Bacteria,Firmicutes,Clostridia,Lachnospirales,Lachnospiraceae,Lachnospiraceae_UCG-002,NA
Bacteria.Firmicutes.Clostridia.Lachnospirales.Lachnospiraceae.Lachnospiraceae_UCG-003.NA,Bacteria,Firmicutes,Clostridia,Lachnospirales,Lachnospiraceae,Lachnospiraceae_UCG-003,NA
Bacteria.Firmicutes.Clostridia.Lachnospirales.Lachnospiraceae.Lachnospiraceae_UCG-004.NA,Bacteria,Firmicutes,Clostridia,Lachnospirales,Lachnospiraceae,Lachnospiraceae_UCG-004,NA
Bacteria.Firmicutes.Clostridia.Lachnospirales.Lachnospiraceae.Lachnospiraceae_UCG-007.NA,Bacteria,Firmicutes,Clostridia,Lachnospirales,Lachnospiraceae,Lachnospiraceae_UCG-007,NA
Bacteria.Firmicutes.Clostridia.Lachnospirales.Lachnospiraceae.Lachnospiraceae_UCG-010.NA,Bacteria,Firmicutes,Clostridia,Lachnospirales,Lachnospiraceae,Lachnospiraceae_UCG-010,NA
Bacteria.Firmicutes.Clostridia.Lachnospirales.Lachnospiraceae.Lachnospiraceae_XPB1014_group.NA,Bacteria,Firmicutes,Clostridia,Lachnospirales,Lachnospiraceae,Lachnospiraceae_XPB1014_group,NA
Bacteria.Firmicutes.Clostridia.Lachnospirales.Lachnospiraceae.Lactonifactor.longoviformis,Bacteria,Firmicutes,Clostridia,Lachnospirales,Lachnospiraceae,Lactonifactor,longoviformis
Bacteria.Firmicutes.Clostridia.Lachnospirales.Lachnospiraceae.Lactonifactor.NA,Bacteria,Firmicutes,Clostridia,Lachnospirales,Lachnospiraceae,Lactonifactor,NA
Bacteria.Firmicutes.Clostridia.Lachnospirales.Lachnospiraceae.Marvinbryantia.NA,Bacteria,Firmicutes,Clostridia,Lachnospirales,Lachnospiraceae,Marvinbryantia,NA
Bacteria.Firmicutes.Clostridia.Lachnospirales.Lachnospiraceae.Moryella.NA,Bacteria,Firmicutes,Clostridia,Lachnospirales,Lachnospiraceae,Moryella,NA
Bacteria.Firmicutes.Clostridia.Lachnospirales.Lachnospiraceae.NA.NA,Bacteria,Firmicutes,Clostridia,Lachnospirales,Lachnospiraceae,NA,NA
Bacteria.Firmicutes.Clostridia.Lachnospirales.Lachnospiraceae.Oribacterium.NA,Bacteria,Firmicutes,Clostridia,Lachnospirales,Lachnospiraceae,Oribacterium,NA
Bacteria.Firmicutes.Clostridia.Lachnospirales.Lachnospiraceae.Oribacterium.sinus,Bacteria,Firmicutes,Clostridia,Lachnospirales,Lachnospiraceae,Oribacterium,sinus
Bacteria.Firmicutes.Clostridia.Lachnospirales.Lachnospiraceae.Roseburia.hominis,Bacteria,Firmicutes,Clostridia,Lachnospirales,Lachnospiraceae,Roseburia,hominis
Bacteria.Firmicutes.Clostridia.Lachnospirales.Lachnospiraceae.Roseburia.intestinalis,Bacteria,Firmicutes,Clostridia,Lachnospirales,Lachnospiraceae,Roseburia,intestinalis
Bacteria.Firmicutes.Clostridia.Lachnospirales.Lachnospiraceae.Roseburia.inulinivorans,Bacteria,Firmicutes,Clostridia,Lachnospirales,Lachnospiraceae,Roseburia,inulinivorans
Bacteria.Firmicutes.Clostridia.Lachnospirales.Lachnospiraceae.Roseburia.NA,Bacteria,Firmicutes,Clostridia,Lachnospirales,Lachnospiraceae,Roseburia,NA
Bacteria.Firmicutes.Clostridia.Lachnospirales.Lachnospiraceae.Sellimonas.NA,Bacteria,Firmicutes,Clostridia,Lachnospirales,Lachnospiraceae,Sellimonas,NA
Bacteria.Firmicutes.Clostridia.Lachnospirales.Lachnospiraceae.Shuttleworthia.NA,Bacteria,Firmicutes,Clostridia,Lachnospirales,Lachnospiraceae,Shuttleworthia,NA
Bacteria.Firmicutes.Clostridia.Lachnospirales.Lachnospiraceae.Shuttleworthia.satelles,Bacteria,Firmicutes,Clostridia,Lachnospirales,Lachnospiraceae,Shuttleworthia,satelles
Bacteria.Firmicutes.Clostridia.Lachnospirales.Lachnospiraceae.Tuzzerella.NA,Bacteria,Firmicutes,Clostridia,Lachnospirales,Lachnospiraceae,Tuzzerella,NA
Bacteria.Firmicutes.Clostridia.Lachnospirales.Lachnospiraceae.Tyzzerella.NA,Bacteria,Firmicutes,Clostridia,Lachnospirales,Lachnospiraceae,Tyzzerella,NA
Bacteria.Firmicutes.Clostridia.Lachnospirales.Lachnospiraceae.UC5-1-2E3.NA,Bacteria,Firmicutes,Clostridia,Lachnospirales,Lachnospiraceae,UC5-1-2E3,NA
Bacteria.Firmicutes.Clostridia.Monoglobales.Monoglobaceae.Monoglobus.NA,Bacteria,Firmicutes,Clostridia,Monoglobales,Monoglobaceae,Monoglobus,NA
Bacteria.Firmicutes.Clostridia.Monoglobales.Monoglobaceae.Monoglobus.pectinilyticus,Bacteria,Firmicutes,Clostridia,Monoglobales,Monoglobaceae,Monoglobus,pectinilyticus
Bacteria.Firmicutes.Clostridia.NA.NA.NA.NA,Bacteria,Firmicutes,Clostridia,NA,NA,NA,NA
Bacteria.Firmicutes.Clostridia.Oscillospirales.Butyricicoccaceae.Butyricicoccus.NA,Bacteria,Firmicutes,Clostridia,Oscillospirales,Butyricicoccaceae,Butyricicoccus,NA
Bacteria.Firmicutes.Clostridia.Oscillospirales.Butyricicoccaceae.NA.NA,Bacteria,Firmicutes,Clostridia,Oscillospirales,Butyricicoccaceae,NA,NA
Bacteria.Firmicutes.Clostridia.Oscillospirales.Butyricicoccaceae.UCG-008.NA,Bacteria,Firmicutes,Clostridia,Oscillospirales,Butyricicoccaceae,UCG-008,NA
Bacteria.Firmicutes.Clostridia.Oscillospirales.Butyricicoccaceae.UCG-009.NA,Bacteria,Firmicutes,Clostridia,Oscillospirales,Butyricicoccaceae,UCG-009,NA
Bacteria.Firmicutes.Clostridia.Oscillospirales.Ethanoligenenaceae.Acetanaerobacterium.NA,Bacteria,Firmicutes,Clostridia,Oscillospirales,Ethanoligenenaceae,Acetanaerobacterium,NA
Bacteria.Firmicutes.Clostridia.Oscillospirales.Ethanoligenenaceae.Ethanoligenens.NA,Bacteria,Firmicutes,Clostridia,Oscillospirales,Ethanoligenenaceae,Ethanoligenens,NA
Bacteria.Firmicutes.Clostridia.Oscillospirales.Ethanoligenenaceae.NA.NA,Bacteria,Firmicutes,Clostridia,Oscillospirales,Ethanoligenenaceae,NA,NA
Bacteria.Firmicutes.Clostridia.Oscillospirales.NA.NA.NA,Bacteria,Firmicutes,Clostridia,Oscillospirales,NA,NA,NA
Bacteria.Firmicutes.Clostridia.Oscillospirales.Oscillospiraceae.Colidextribacter.massiliensis,Bacteria,Firmicutes,Clostridia,Oscillospirales,Oscillospiraceae,Colidextribacter,massiliensis
Bacteria.Firmicutes.Clostridia.Oscillospirales.Oscillospiraceae.Colidextribacter.NA,Bacteria,Firmicutes,Clostridia,Oscillospirales,Oscillospiraceae,Colidextribacter,NA
Bacteria.Firmicutes.Clostridia.Oscillospirales.Oscillospiraceae.Flavonifractor.NA,Bacteria,Firmicutes,Clostridia,Oscillospirales,Oscillospiraceae,Flavonifractor,NA
Bacteria.Firmicutes.Clostridia.Oscillospirales.Oscillospiraceae.Flavonifractor.plautii,Bacteria,Firmicutes,Clostridia,Oscillospirales,Oscillospiraceae,Flavonifractor,plautii
Bacteria.Firmicutes.Clostridia.Oscillospirales.Oscillospiraceae.Intestinimonas.butyriciproducens,Bacteria,Firmicutes,Clostridia,Oscillospirales,Oscillospiraceae,Intestinimonas,butyriciproducens
Bacteria.Firmicutes.Clostridia.Oscillospirales.Oscillospiraceae.Intestinimonas.massiliensis,Bacteria,Firmicutes,Clostridia,Oscillospirales,Oscillospiraceae,Intestinimonas,massiliensis
Bacteria.Firmicutes.Clostridia.Oscillospirales.Oscillospiraceae.Intestinimonas.NA,Bacteria,Firmicutes,Clostridia,Oscillospirales,Oscillospiraceae,Intestinimonas,NA
Bacteria.Firmicutes.Clostridia.Oscillospirales.Oscillospiraceae.NA.NA,Bacteria,Firmicutes,Clostridia,Oscillospirales,Oscillospiraceae,NA,NA
Bacteria.Firmicutes.Clostridia.Oscillospirales.Oscillospiraceae.NK4A214_group.NA,Bacteria,Firmicutes,Clostridia,Oscillospirales,Oscillospiraceae,NK4A214_group,NA
Bacteria.Firmicutes.Clostridia.Oscillospirales.Oscillospiraceae.Oscillibacter.NA,Bacteria,Firmicutes,Clostridia,Oscillospirales,Oscillospiraceae,Oscillibacter,NA
Bacteria.Firmicutes.Clostridia.Oscillospirales.Oscillospiraceae.Oscillospira.NA,Bacteria,Firmicutes,Clostridia,Oscillospirales,Oscillospiraceae,Oscillospira,NA
Bacteria.Firmicutes.Clostridia.Oscillospirales.Oscillospiraceae.Pseudoflavonifractor.capillosus,Bacteria,Firmicutes,Clostridia,Oscillospirales,Oscillospiraceae,Pseudoflavonifractor,capillosus
Bacteria.Firmicutes.Clostridia.Oscillospirales.Oscillospiraceae.Pseudoflavonifractor.NA,Bacteria,Firmicutes,Clostridia,Oscillospirales,Oscillospiraceae,Pseudoflavonifractor,NA
Bacteria.Firmicutes.Clostridia.Oscillospirales.Oscillospiraceae.UCG-002.NA,Bacteria,Firmicutes,Clostridia,Oscillospirales,Oscillospiraceae,UCG-002,NA
Bacteria.Firmicutes.Clostridia.Oscillospirales.Oscillospiraceae.UCG-003.NA,Bacteria,Firmicutes,Clostridia,Oscillospirales,Oscillospiraceae,UCG-003,NA
Bacteria.Firmicutes.Clostridia.Oscillospirales.Oscillospiraceae.UCG-005.NA,Bacteria,Firmicutes,Clostridia,Oscillospirales,Oscillospiraceae,UCG-005,NA
Bacteria.Firmicutes.Clostridia.Oscillospirales.Oscillospiraceae.UCG-007.NA,Bacteria,Firmicutes,Clostridia,Oscillospirales,Oscillospiraceae,UCG-007,NA
Bacteria.Firmicutes.Clostridia.Oscillospirales.Oscillospiraceae.V9D2013_group.NA,Bacteria,Firmicutes,Clostridia,Oscillospirales,Oscillospiraceae,V9D2013_group,NA
Bacteria.Firmicutes.Clostridia.Oscillospirales.Oscillospirales_fa.Hydrogenoanaerobacterium.NA,Bacteria,Firmicutes,Clostridia,Oscillospirales,Oscillospirales_fa,Hydrogenoanaerobacterium,NA
Bacteria.Firmicutes.Clostridia.Oscillospirales.Ruminococcaceae.Anaerofilum.NA,Bacteria,Firmicutes,Clostridia,Oscillospirales,Ruminococcaceae,Anaerofilum,NA
Bacteria.Firmicutes.Clostridia.Oscillospirales.Ruminococcaceae.Anaerotruncus.colihominis,Bacteria,Firmicutes,Clostridia,Oscillospirales,Ruminococcaceae,Anaerotruncus,colihominis
Bacteria.Firmicutes.Clostridia.Oscillospirales.Ruminococcaceae.Anaerotruncus.NA,Bacteria,Firmicutes,Clostridia,Oscillospirales,Ruminococcaceae,Anaerotruncus,NA
Bacteria.Firmicutes.Clostridia.Oscillospirales.Ruminococcaceae.Anaerotruncus.rubiinfantis,Bacteria,Firmicutes,Clostridia,Oscillospirales,Ruminococcaceae,Anaerotruncus,rubiinfantis
Bacteria.Firmicutes.Clostridia.Oscillospirales.Ruminococcaceae.Angelakisella.massiliensis,Bacteria,Firmicutes,Clostridia,Oscillospirales,Ruminococcaceae,Angelakisella,massiliensis
Bacteria.Firmicutes.Clostridia.Oscillospirales.Ruminococcaceae.Angelakisella.NA,Bacteria,Firmicutes,Clostridia,Oscillospirales,Ruminococcaceae,Angelakisella,NA
Bacteria.Firmicutes.Clostridia.Oscillospirales.Ruminococcaceae.CAG-352.NA,Bacteria,Firmicutes,Clostridia,Oscillospirales,Ruminococcaceae,CAG-352,NA
Bacteria.Firmicutes.Clostridia.Oscillospirales.Ruminococcaceae.Candidatus_Soleaferrea.NA,Bacteria,Firmicutes,Clostridia,Oscillospirales,Ruminococcaceae,Candidatus_Soleaferrea,NA
Bacteria.Firmicutes.Clostridia.Oscillospirales.Ruminococcaceae.Caproiciproducens.NA,Bacteria,Firmicutes,Clostridia,Oscillospirales,Ruminococcaceae,Caproiciproducens,NA
Bacteria.Firmicutes.Clostridia.Oscillospirales.Ruminococcaceae.DTU089.NA,Bacteria,Firmicutes,Clostridia,Oscillospirales,Ruminococcaceae,DTU089,NA
Bacteria.Firmicutes.Clostridia.Oscillospirales.Ruminococcaceae.Faecalibacterium.NA,Bacteria,Firmicutes,Clostridia,Oscillospirales,Ruminococcaceae,Faecalibacterium,NA
Bacteria.Firmicutes.Clostridia.Oscillospirales.Ruminococcaceae.Faecalibacterium.prausnitzii,Bacteria,Firmicutes,Clostridia,Oscillospirales,Ruminococcaceae,Faecalibacterium,prausnitzii
Bacteria.Firmicutes.Clostridia.Oscillospirales.Ruminococcaceae.Fournierella.massiliensis,Bacteria,Firmicutes,Clostridia,Oscillospirales,Ruminococcaceae,Fournierella,massiliensis
Bacteria.Firmicutes.Clostridia.Oscillospirales.Ruminococcaceae.Fournierella.NA,Bacteria,Firmicutes,Clostridia,Oscillospirales,Ruminococcaceae,Fournierella,NA
Bacteria.Firmicutes.Clostridia.Oscillospirales.Ruminococcaceae.Harryflintia.acetispora,Bacteria,Firmicutes,Clostridia,Oscillospirales,Ruminococcaceae,Harryflintia,acetispora
Bacteria.Firmicutes.Clostridia.Oscillospirales.Ruminococcaceae.Harryflintia.NA,Bacteria,Firmicutes,Clostridia,Oscillospirales,Ruminococcaceae,Harryflintia,NA
Bacteria.Firmicutes.Clostridia.Oscillospirales.Ruminococcaceae.Incertae_Sedis.NA,Bacteria,Firmicutes,Clostridia,Oscillospirales,Ruminococcaceae,Incertae_Sedis,NA
Bacteria.Firmicutes.Clostridia.Oscillospirales.Ruminococcaceae.NA.NA,Bacteria,Firmicutes,Clostridia,Oscillospirales,Ruminococcaceae,NA,NA
Bacteria.Firmicutes.Clostridia.Oscillospirales.Ruminococcaceae.Negativibacillus.massiliensis,Bacteria,Firmicutes,Clostridia,Oscillospirales,Ruminococcaceae,Negativibacillus,massiliensis
Bacteria.Firmicutes.Clostridia.Oscillospirales.Ruminococcaceae.Negativibacillus.NA,Bacteria,Firmicutes,Clostridia,Oscillospirales,Ruminococcaceae,Negativibacillus,NA
Bacteria.Firmicutes.Clostridia.Oscillospirales.Ruminococcaceae.Paludicola.NA,Bacteria,Firmicutes,Clostridia,Oscillospirales,Ruminococcaceae,Paludicola,NA
Bacteria.Firmicutes.Clostridia.Oscillospirales.Ruminococcaceae.Phocea.massiliensis,Bacteria,Firmicutes,Clostridia,Oscillospirales,Ruminococcaceae,Phocea,massiliensis
Bacteria.Firmicutes.Clostridia.Oscillospirales.Ruminococcaceae.Phocea.NA,Bacteria,Firmicutes,Clostridia,Oscillospirales,Ruminococcaceae,Phocea,NA
Bacteria.Firmicutes.Clostridia.Oscillospirales.Ruminococcaceae.Pygmaiobacter.NA,Bacteria,Firmicutes,Clostridia,Oscillospirales,Ruminococcaceae,Pygmaiobacter,NA
Bacteria.Firmicutes.Clostridia.Oscillospirales.Ruminococcaceae.Ruminococcus.bicirculans,Bacteria,Firmicutes,Clostridia,Oscillospirales,Ruminococcaceae,Ruminococcus,bicirculans
Bacteria.Firmicutes.Clostridia.Oscillospirales.Ruminococcaceae.Ruminococcus.bromii,Bacteria,Firmicutes,Clostridia,Oscillospirales,Ruminococcaceae,Ruminococcus,bromii
Bacteria.Firmicutes.Clostridia.Oscillospirales.Ruminococcaceae.Ruminococcus.callidus,Bacteria,Firmicutes,Clostridia,Oscillospirales,Ruminococcaceae,Ruminococcus,callidus
Bacteria.Firmicutes.Clostridia.Oscillospirales.Ruminococcaceae.Ruminococcus.champanellensis,Bacteria,Firmicutes,Clostridia,Oscillospirales,Ruminococcaceae,Ruminococcus,champanellensis
Bacteria.Firmicutes.Clostridia.Oscillospirales.Ruminococcaceae.Ruminococcus.NA,Bacteria,Firmicutes,Clostridia,Oscillospirales,Ruminococcaceae,Ruminococcus,NA
Bacteria.Firmicutes.Clostridia.Oscillospirales.Ruminococcaceae.Subdoligranulum.NA,Bacteria,Firmicutes,Clostridia,Oscillospirales,Ruminococcaceae,Subdoligranulum,NA
Bacteria.Firmicutes.Clostridia.Oscillospirales.Ruminococcaceae.Subdoligranulum.variabile,Bacteria,Firmicutes,Clostridia,Oscillospirales,Ruminococcaceae,Subdoligranulum,variabile
Bacteria.Firmicutes.Clostridia.Oscillospirales.Ruminococcaceae.UBA1819.NA,Bacteria,Firmicutes,Clostridia,Oscillospirales,Ruminococcaceae,UBA1819,NA
Bacteria.Firmicutes.Clostridia.Oscillospirales.UCG-010.NA.NA,Bacteria,Firmicutes,Clostridia,Oscillospirales,UCG-010,NA,NA
Bacteria.Firmicutes.Clostridia.Peptococcales.Peptococcaceae.NA.NA,Bacteria,Firmicutes,Clostridia,Peptococcales,Peptococcaceae,NA,NA
Bacteria.Firmicutes.Clostridia.Peptococcales.Peptococcaceae.Peptococcus.NA,Bacteria,Firmicutes,Clostridia,Peptococcales,Peptococcaceae,Peptococcus,NA
Bacteria.Firmicutes.Clostridia.Peptostreptococcales-Tissierellales.Anaerovoracaceae.Anaerovorax.NA,Bacteria,Firmicutes,Clostridia,Peptostreptococcales-Tissierellales,Anaerovoracaceae,Anaerovorax,NA
Bacteria.Firmicutes.Clostridia.Peptostreptococcales-Tissierellales.Anaerovoracaceae.Family_XIII_AD3011_group.NA,Bacteria,Firmicutes,Clostridia,Peptostreptococcales-Tissierellales,Anaerovoracaceae,Family_XIII_AD3011_group,NA
Bacteria.Firmicutes.Clostridia.Peptostreptococcales-Tissierellales.Anaerovoracaceae.Family_XIII_UCG-001.NA,Bacteria,Firmicutes,Clostridia,Peptostreptococcales-Tissierellales,Anaerovoracaceae,Family_XIII_UCG-001,NA
Bacteria.Firmicutes.Clostridia.Peptostreptococcales-Tissierellales.Anaerovoracaceae.NA.NA,Bacteria,Firmicutes,Clostridia,Peptostreptococcales-Tissierellales,Anaerovoracaceae,NA,NA
Bacteria.Firmicutes.Clostridia.Peptostreptococcales-Tissierellales.NA.NA.NA,Bacteria,Firmicutes,Clostridia,Peptostreptococcales-Tissierellales,NA,NA,NA
Bacteria.Firmicutes.Clostridia.Peptostreptococcales-Tissierellales.Peptostreptococcaceae.Intestinibacter.bartlettii,Bacteria,Firmicutes,Clostridia,Peptostreptococcales-Tissierellales,Peptostreptococcaceae,Intestinibacter,bartlettii
Bacteria.Firmicutes.Clostridia.Peptostreptococcales-Tissierellales.Peptostreptococcaceae.Intestinibacter.NA,Bacteria,Firmicutes,Clostridia,Peptostreptococcales-Tissierellales,Peptostreptococcaceae,Intestinibacter,NA
Bacteria.Firmicutes.Clostridia.Peptostreptococcales-Tissierellales.Peptostreptococcaceae.NA.NA,Bacteria,Firmicutes,Clostridia,Peptostreptococcales-Tissierellales,Peptostreptococcaceae,NA,NA
Bacteria.Firmicutes.Clostridia.Peptostreptococcales-Tissierellales.Peptostreptococcaceae.Paeniclostridium.NA,Bacteria,Firmicutes,Clostridia,Peptostreptococcales-Tissierellales,Peptostreptococcaceae,Paeniclostridium,NA
Bacteria.Firmicutes.Clostridia.Peptostreptococcales-Tissierellales.Peptostreptococcaceae.Peptostreptococcus.anaerobius,Bacteria,Firmicutes,Clostridia,Peptostreptococcales-Tissierellales,Peptostreptococcaceae,Peptostreptococcus,anaerobius
Bacteria.Firmicutes.Clostridia.Peptostreptococcales-Tissierellales.Peptostreptococcaceae.Peptostreptococcus.stomatis,Bacteria,Firmicutes,Clostridia,Peptostreptococcales-Tissierellales,Peptostreptococcaceae,Peptostreptococcus,stomatis
Bacteria.Firmicutes.Clostridia.Peptostreptococcales-Tissierellales.Peptostreptococcaceae.Romboutsia.NA,Bacteria,Firmicutes,Clostridia,Peptostreptococcales-Tissierellales,Peptostreptococcaceae,Romboutsia,NA
Bacteria.Firmicutes.Clostridia.Peptostreptococcales-Tissierellales.Peptostreptococcaceae.Sporacetigenium.NA,Bacteria,Firmicutes,Clostridia,Peptostreptococcales-Tissierellales,Peptostreptococcaceae,Sporacetigenium,NA
Bacteria.Firmicutes.Clostridia.Peptostreptococcales-Tissierellales.Peptostreptococcaceae.Terrisporobacter.NA,Bacteria,Firmicutes,Clostridia,Peptostreptococcales-Tissierellales,Peptostreptococcaceae,Terrisporobacter,NA
Bacteria.Firmicutes.Clostridia.Peptostreptococcales-Tissierellales.Peptostreptococcales-Tissierellales_fa.Anaerococcus.NA,Bacteria,Firmicutes,Clostridia,Peptostreptococcales-Tissierellales,Peptostreptococcales-Tissierellales_fa,Anaerococcus,NA
Bacteria.Firmicutes.Clostridia.Peptostreptococcales-Tissierellales.Peptostreptococcales-Tissierellales_fa.Ezakiella.NA,Bacteria,Firmicutes,Clostridia,Peptostreptococcales-Tissierellales,Peptostreptococcales-Tissierellales_fa,Ezakiella,NA
Bacteria.Firmicutes.Clostridia.Peptostreptococcales-Tissierellales.Peptostreptococcales-Tissierellales_fa.Fenollaria.NA,Bacteria,Firmicutes,Clostridia,Peptostreptococcales-Tissierellales,Peptostreptococcales-Tissierellales_fa,Fenollaria,NA
Bacteria.Firmicutes.Clostridia.Peptostreptococcales-Tissierellales.Peptostreptococcales-Tissierellales_fa.Finegoldia.NA,Bacteria,Firmicutes,Clostridia,Peptostreptococcales-Tissierellales,Peptostreptococcales-Tissierellales_fa,Finegoldia,NA
Bacteria.Firmicutes.Clostridia.Peptostreptococcales-Tissierellales.Peptostreptococcales-Tissierellales_fa.Murdochiella.NA,Bacteria,Firmicutes,Clostridia,Peptostreptococcales-Tissierellales,Peptostreptococcales-Tissierellales_fa,Murdochiella,NA
Bacteria.Firmicutes.Clostridia.Peptostreptococcales-Tissierellales.Peptostreptococcales-Tissierellales_fa.Parvimonas.NA,Bacteria,Firmicutes,Clostridia,Peptostreptococcales-Tissierellales,Peptostreptococcales-Tissierellales_fa,Parvimonas,NA
Bacteria.Firmicutes.Clostridia.Peptostreptococcales-Tissierellales.Peptostreptococcales-Tissierellales_fa.Peptoniphilus.NA,Bacteria,Firmicutes,Clostridia,Peptostreptococcales-Tissierellales,Peptostreptococcales-Tissierellales_fa,Peptoniphilus,NA
Bacteria.Firmicutes.Clostridia.Peptostreptococcales-Tissierellales.Peptostreptococcales-Tissierellales_fa.W5053.NA,Bacteria,Firmicutes,Clostridia,Peptostreptococcales-Tissierellales,Peptostreptococcales-Tissierellales_fa,W5053,NA
Bacteria.Firmicutes.NA.NA.NA.NA.NA,Bacteria,Firmicutes,NA,NA,NA,NA,NA
Bacteria.Firmicutes.Negativicutes.Acidaminococcales.Acidaminococcaceae.Acidaminococcus.fermentans,Bacteria,Firmicutes,Negativicutes,Acidaminococcales,Acidaminococcaceae,Acidaminococcus,fermentans
Bacteria.Firmicutes.Negativicutes.Acidaminococcales.Acidaminococcaceae.Acidaminococcus.intestini,Bacteria,Firmicutes,Negativicutes,Acidaminococcales,Acidaminococcaceae,Acidaminococcus,intestini
Bacteria.Firmicutes.Negativicutes.Acidaminococcales.Acidaminococcaceae.Acidaminococcus.NA,Bacteria,Firmicutes,Negativicutes,Acidaminococcales,Acidaminococcaceae,Acidaminococcus,NA
Bacteria.Firmicutes.Negativicutes.Acidaminococcales.Acidaminococcaceae.NA.NA,Bacteria,Firmicutes,Negativicutes,Acidaminococcales,Acidaminococcaceae,NA,NA
Bacteria.Firmicutes.Negativicutes.Acidaminococcales.Acidaminococcaceae.Phascolarctobacterium.faecium,Bacteria,Firmicutes,Negativicutes,Acidaminococcales,Acidaminococcaceae,Phascolarctobacterium,faecium
Bacteria.Firmicutes.Negativicutes.Acidaminococcales.Acidaminococcaceae.Phascolarctobacterium.NA,Bacteria,Firmicutes,Negativicutes,Acidaminococcales,Acidaminococcaceae,Phascolarctobacterium,NA
Bacteria.Firmicutes.Negativicutes.Acidaminococcales.Acidaminococcaceae.Phascolarctobacterium.succinatutens,Bacteria,Firmicutes,Negativicutes,Acidaminococcales,Acidaminococcaceae,Phascolarctobacterium,succinatutens
Bacteria.Firmicutes.Negativicutes.Acidaminococcales.Acidaminococcaceae.Succiniclasticum.NA,Bacteria,Firmicutes,Negativicutes,Acidaminococcales,Acidaminococcaceae,Succiniclasticum,NA
Bacteria.Firmicutes.Negativicutes.NA.NA.NA.NA,Bacteria,Firmicutes,Negativicutes,NA,NA,NA,NA
Bacteria.Firmicutes.Negativicutes.Veillonellales-Selenomonadales.Selenomonadaceae.Megamonas.funiformis,Bacteria,Firmicutes,Negativicutes,Veillonellales-Selenomonadales,Selenomonadaceae,Megamonas,funiformis
Bacteria.Firmicutes.Negativicutes.Veillonellales-Selenomonadales.Selenomonadaceae.Megamonas.NA,Bacteria,Firmicutes,Negativicutes,Veillonellales-Selenomonadales,Selenomonadaceae,Megamonas,NA
Bacteria.Firmicutes.Negativicutes.Veillonellales-Selenomonadales.Selenomonadaceae.Mitsuokella.jalaludinii,Bacteria,Firmicutes,Negativicutes,Veillonellales-Selenomonadales,Selenomonadaceae,Mitsuokella,jalaludinii
Bacteria.Firmicutes.Negativicutes.Veillonellales-Selenomonadales.Selenomonadaceae.Mitsuokella.multacida,Bacteria,Firmicutes,Negativicutes,Veillonellales-Selenomonadales,Selenomonadaceae,Mitsuokella,multacida
Bacteria.Firmicutes.Negativicutes.Veillonellales-Selenomonadales.Selenomonadaceae.Mitsuokella.NA,Bacteria,Firmicutes,Negativicutes,Veillonellales-Selenomonadales,Selenomonadaceae,Mitsuokella,NA
Bacteria.Firmicutes.Negativicutes.Veillonellales-Selenomonadales.Selenomonadaceae.NA.NA,Bacteria,Firmicutes,Negativicutes,Veillonellales-Selenomonadales,Selenomonadaceae,NA,NA
Bacteria.Firmicutes.Negativicutes.Veillonellales-Selenomonadales.Veillonellaceae.Allisonella.histaminiformans,Bacteria,Firmicutes,Negativicutes,Veillonellales-Selenomonadales,Veillonellaceae,Allisonella,histaminiformans
Bacteria.Firmicutes.Negativicutes.Veillonellales-Selenomonadales.Veillonellaceae.Allisonella.NA,Bacteria,Firmicutes,Negativicutes,Veillonellales-Selenomonadales,Veillonellaceae,Allisonella,NA
Bacteria.Firmicutes.Negativicutes.Veillonellales-Selenomonadales.Veillonellaceae.Dialister.invisus,Bacteria,Firmicutes,Negativicutes,Veillonellales-Selenomonadales,Veillonellaceae,Dialister,invisus
Bacteria.Firmicutes.Negativicutes.Veillonellales-Selenomonadales.Veillonellaceae.Dialister.NA,Bacteria,Firmicutes,Negativicutes,Veillonellales-Selenomonadales,Veillonellaceae,Dialister,NA
Bacteria.Firmicutes.Negativicutes.Veillonellales-Selenomonadales.Veillonellaceae.Dialister.propionicifaciens,Bacteria,Firmicutes,Negativicutes,Veillonellales-Selenomonadales,Veillonellaceae,Dialister,propionicifaciens
Bacteria.Firmicutes.Negativicutes.Veillonellales-Selenomonadales.Veillonellaceae.Megasphaera.elsdenii,Bacteria,Firmicutes,Negativicutes,Veillonellales-Selenomonadales,Veillonellaceae,Megasphaera,elsdenii
Bacteria.Firmicutes.Negativicutes.Veillonellales-Selenomonadales.Veillonellaceae.Megasphaera.hexanoica,Bacteria,Firmicutes,Negativicutes,Veillonellales-Selenomonadales,Veillonellaceae,Megasphaera,hexanoica
Bacteria.Firmicutes.Negativicutes.Veillonellales-Selenomonadales.Veillonellaceae.Megasphaera.massiliensis,Bacteria,Firmicutes,Negativicutes,Veillonellales-Selenomonadales,Veillonellaceae,Megasphaera,massiliensis
Bacteria.Firmicutes.Negativicutes.Veillonellales-Selenomonadales.Veillonellaceae.Megasphaera.NA,Bacteria,Firmicutes,Negativicutes,Veillonellales-Selenomonadales,Veillonellaceae,Megasphaera,NA
Bacteria.Firmicutes.Negativicutes.Veillonellales-Selenomonadales.Veillonellaceae.NA.NA,Bacteria,Firmicutes,Negativicutes,Veillonellales-Selenomonadales,Veillonellaceae,NA,NA
Bacteria.Firmicutes.Negativicutes.Veillonellales-Selenomonadales.Veillonellaceae.Veillonella.atypica,Bacteria,Firmicutes,Negativicutes,Veillonellales-Selenomonadales,Veillonellaceae,Veillonella,atypica
Bacteria.Firmicutes.Negativicutes.Veillonellales-Selenomonadales.Veillonellaceae.Veillonella.dispar,Bacteria,Firmicutes,Negativicutes,Veillonellales-Selenomonadales,Veillonellaceae,Veillonella,dispar
Bacteria.Firmicutes.Negativicutes.Veillonellales-Selenomonadales.Veillonellaceae.Veillonella.NA,Bacteria,Firmicutes,Negativicutes,Veillonellales-Selenomonadales,Veillonellaceae,Veillonella,NA
Bacteria.Firmicutes.Negativicutes.Veillonellales-Selenomonadales.Veillonellaceae.Veillonella.parvula,Bacteria,Firmicutes,Negativicutes,Veillonellales-Selenomonadales,Veillonellaceae,Veillonella,parvula
Bacteria.Firmicutes.Negativicutes.Veillonellales-Selenomonadales.Veillonellaceae.Veillonella.rogosae,Bacteria,Firmicutes,Negativicutes,Veillonellales-Selenomonadales,Veillonellaceae,Veillonella,rogosae
Bacteria.Fusobacteriota.Fusobacteriia.Fusobacteriales.Fusobacteriaceae.Fusobacterium.mortiferum,Bacteria,Fusobacteriota,Fusobacteriia,Fusobacteriales,Fusobacteriaceae,Fusobacterium,mortiferum
Bacteria.Fusobacteriota.Fusobacteriia.Fusobacteriales.Fusobacteriaceae.Fusobacterium.NA,Bacteria,Fusobacteriota,Fusobacteriia,Fusobacteriales,Fusobacteriaceae,Fusobacterium,NA
Bacteria.Fusobacteriota.Fusobacteriia.Fusobacteriales.Fusobacteriaceae.Fusobacterium.necrophorum,Bacteria,Fusobacteriota,Fusobacteriia,Fusobacteriales,Fusobacteriaceae,Fusobacterium,necrophorum
Bacteria.Fusobacteriota.Fusobacteriia.Fusobacteriales.Fusobacteriaceae.Fusobacterium.ulcerans,Bacteria,Fusobacteriota,Fusobacteriia,Fusobacteriales,Fusobacteriaceae,Fusobacterium,ulcerans
Bacteria.Fusobacteriota.Fusobacteriia.Fusobacteriales.Fusobacteriaceae.Fusobacterium.varium,Bacteria,Fusobacteriota,Fusobacteriia,Fusobacteriales,Fusobacteriaceae,Fusobacterium,varium
Bacteria.Fusobacteriota.Fusobacteriia.Fusobacteriales.Fusobacteriaceae.NA.NA,Bacteria,Fusobacteriota,Fusobacteriia,Fusobacteriales,Fusobacteriaceae,NA,NA
Bacteria.Fusobacteriota.Fusobacteriia.Fusobacteriales.Leptotrichiaceae.Sneathia.sanguinegens,Bacteria,Fusobacteriota,Fusobacteriia,Fusobacteriales,Leptotrichiaceae,Sneathia,sanguinegens
Bacteria.NA.NA.NA.NA.NA.NA,Bacteria,NA,NA,NA,NA,NA,NA
Bacteria.Patescibacteria.Saccharimonadia.Saccharimonadales.Saccharimonadaceae.NA.NA,Bacteria,Patescibacteria,Saccharimonadia,Saccharimonadales,Saccharimonadaceae,NA,NA
Bacteria.Patescibacteria.Saccharimonadia.Saccharimonadales.Saccharimonadaceae.TM7x.NA,Bacteria,Patescibacteria,Saccharimonadia,Saccharimonadales,Saccharimonadaceae,TM7x,NA
Bacteria.Proteobacteria.Alphaproteobacteria.Caulobacterales.Caulobacteraceae.Brevundimonas.NA,Bacteria,Proteobacteria,Alphaproteobacteria,Caulobacterales,Caulobacteraceae,Brevundimonas,NA
Bacteria.Proteobacteria.Alphaproteobacteria.Caulobacterales.Caulobacteraceae.NA.NA,Bacteria,Proteobacteria,Alphaproteobacteria,Caulobacterales,Caulobacteraceae,NA,NA
Bacteria.Proteobacteria.Alphaproteobacteria.Rhizobiales.Beijerinckiaceae.Methylobacterium-Methylorubrum.NA,Bacteria,Proteobacteria,Alphaproteobacteria,Rhizobiales,Beijerinckiaceae,Methylobacterium-Methylorubrum,NA
Bacteria.Proteobacteria.Alphaproteobacteria.Rhizobiales.Devosiaceae.Devosia.NA,Bacteria,Proteobacteria,Alphaproteobacteria,Rhizobiales,Devosiaceae,Devosia,NA
Bacteria.Proteobacteria.Alphaproteobacteria.Rhizobiales.Hyphomicrobiaceae.Hyphomicrobium.facile,Bacteria,Proteobacteria,Alphaproteobacteria,Rhizobiales,Hyphomicrobiaceae,Hyphomicrobium,facile
Bacteria.Proteobacteria.Alphaproteobacteria.Rhizobiales.Rhizobiaceae.Allorhizobium-Neorhizobium-Pararhizobium-Rhizobium.NA,Bacteria,Proteobacteria,Alphaproteobacteria,Rhizobiales,Rhizobiaceae,Allorhizobium-Neorhizobium-Pararhizobium-Rhizobium,NA
Bacteria.Proteobacteria.Alphaproteobacteria.Rhizobiales.Rhizobiaceae.Mesorhizobium.NA,Bacteria,Proteobacteria,Alphaproteobacteria,Rhizobiales,Rhizobiaceae,Mesorhizobium,NA
Bacteria.Proteobacteria.Alphaproteobacteria.Rhizobiales.Rhizobiaceae.Phyllobacterium.NA,Bacteria,Proteobacteria,Alphaproteobacteria,Rhizobiales,Rhizobiaceae,Phyllobacterium,NA
Bacteria.Proteobacteria.Alphaproteobacteria.Rhodobacterales.Rhodobacteraceae.Paracoccus.NA,Bacteria,Proteobacteria,Alphaproteobacteria,Rhodobacterales,Rhodobacteraceae,Paracoccus,NA
Bacteria.Proteobacteria.Alphaproteobacteria.Rhodospirillales.NA.NA.NA,Bacteria,Proteobacteria,Alphaproteobacteria,Rhodospirillales,NA,NA,NA
Bacteria.Proteobacteria.Alphaproteobacteria.Sphingomonadales.Sphingomonadaceae.Sphingomonas.NA,Bacteria,Proteobacteria,Alphaproteobacteria,Sphingomonadales,Sphingomonadaceae,Sphingomonas,NA
Bacteria.Proteobacteria.Gammaproteobacteria.Aeromonadales.Succinivibrionaceae.Succinivibrio.NA,Bacteria,Proteobacteria,Gammaproteobacteria,Aeromonadales,Succinivibrionaceae,Succinivibrio,NA
Bacteria.Proteobacteria.Gammaproteobacteria.Burkholderiales.Alcaligenaceae.Achromobacter.NA,Bacteria,Proteobacteria,Gammaproteobacteria,Burkholderiales,Alcaligenaceae,Achromobacter,NA
Bacteria.Proteobacteria.Gammaproteobacteria.Burkholderiales.Burkholderiaceae.Ralstonia.NA,Bacteria,Proteobacteria,Gammaproteobacteria,Burkholderiales,Burkholderiaceae,Ralstonia,NA
Bacteria.Proteobacteria.Gammaproteobacteria.Burkholderiales.Comamonadaceae.Aquabacterium.parvum,Bacteria,Proteobacteria,Gammaproteobacteria,Burkholderiales,Comamonadaceae,Aquabacterium,parvum
Bacteria.Proteobacteria.Gammaproteobacteria.Burkholderiales.Comamonadaceae.Comamonas.NA,Bacteria,Proteobacteria,Gammaproteobacteria,Burkholderiales,Comamonadaceae,Comamonas,NA
Bacteria.Proteobacteria.Gammaproteobacteria.Burkholderiales.Comamonadaceae.Delftia.NA,Bacteria,Proteobacteria,Gammaproteobacteria,Burkholderiales,Comamonadaceae,Delftia,NA
Bacteria.Proteobacteria.Gammaproteobacteria.Burkholderiales.Comamonadaceae.Tepidimonas.NA,Bacteria,Proteobacteria,Gammaproteobacteria,Burkholderiales,Comamonadaceae,Tepidimonas,NA
Bacteria.Proteobacteria.Gammaproteobacteria.Burkholderiales.Comamonadaceae.Variovorax.paradoxus,Bacteria,Proteobacteria,Gammaproteobacteria,Burkholderiales,Comamonadaceae,Variovorax,paradoxus
Bacteria.Proteobacteria.Gammaproteobacteria.Burkholderiales.NA.NA.NA,Bacteria,Proteobacteria,Gammaproteobacteria,Burkholderiales,NA,NA,NA
Bacteria.Proteobacteria.Gammaproteobacteria.Burkholderiales.Neisseriaceae.Neisseria.NA,Bacteria,Proteobacteria,Gammaproteobacteria,Burkholderiales,Neisseriaceae,Neisseria,NA
Bacteria.Proteobacteria.Gammaproteobacteria.Burkholderiales.Oxalobacteraceae.NA.NA,Bacteria,Proteobacteria,Gammaproteobacteria,Burkholderiales,Oxalobacteraceae,NA,NA
Bacteria.Proteobacteria.Gammaproteobacteria.Burkholderiales.Oxalobacteraceae.Oxalobacter.formigenes,Bacteria,Proteobacteria,Gammaproteobacteria,Burkholderiales,Oxalobacteraceae,Oxalobacter,formigenes
Bacteria.Proteobacteria.Gammaproteobacteria.Burkholderiales.Oxalobacteraceae.Oxalobacter.NA,Bacteria,Proteobacteria,Gammaproteobacteria,Burkholderiales,Oxalobacteraceae,Oxalobacter,NA
Bacteria.Proteobacteria.Gammaproteobacteria.Burkholderiales.Sutterellaceae.Parasutterella.excrementihominis,Bacteria,Proteobacteria,Gammaproteobacteria,Burkholderiales,Sutterellaceae,Parasutterella,excrementihominis
Bacteria.Proteobacteria.Gammaproteobacteria.Burkholderiales.Sutterellaceae.Parasutterella.NA,Bacteria,Proteobacteria,Gammaproteobacteria,Burkholderiales,Sutterellaceae,Parasutterella,NA
Bacteria.Proteobacteria.Gammaproteobacteria.Burkholderiales.Sutterellaceae.Sutterella.NA,Bacteria,Proteobacteria,Gammaproteobacteria,Burkholderiales,Sutterellaceae,Sutterella,NA
Bacteria.Proteobacteria.Gammaproteobacteria.Burkholderiales.Sutterellaceae.Sutterella.wadsworthensis,Bacteria,Proteobacteria,Gammaproteobacteria,Burkholderiales,Sutterellaceae,Sutterella,wadsworthensis
Bacteria.Proteobacteria.Gammaproteobacteria.Enterobacterales.Enterobacteriaceae.Citrobacter.freundii,Bacteria,Proteobacteria,Gammaproteobacteria,Enterobacterales,Enterobacteriaceae,Citrobacter,freundii
Bacteria.Proteobacteria.Gammaproteobacteria.Enterobacterales.Enterobacteriaceae.Citrobacter.NA,Bacteria,Proteobacteria,Gammaproteobacteria,Enterobacterales,Enterobacteriaceae,Citrobacter,NA
Bacteria.Proteobacteria.Gammaproteobacteria.Enterobacterales.Enterobacteriaceae.Citrobacter.pasteurii,Bacteria,Proteobacteria,Gammaproteobacteria,Enterobacterales,Enterobacteriaceae,Citrobacter,pasteurii
Bacteria.Proteobacteria.Gammaproteobacteria.Enterobacterales.Enterobacteriaceae.Enterobacter.NA,Bacteria,Proteobacteria,Gammaproteobacteria,Enterobacterales,Enterobacteriaceae,Enterobacter,NA
Bacteria.Proteobacteria.Gammaproteobacteria.Enterobacterales.Enterobacteriaceae.Escherichia/Shigella.coli,Bacteria,Proteobacteria,Gammaproteobacteria,Enterobacterales,Enterobacteriaceae,Escherichia/Shigella,coli
Bacteria.Proteobacteria.Gammaproteobacteria.Enterobacterales.Enterobacteriaceae.Escherichia/Shigella.NA,Bacteria,Proteobacteria,Gammaproteobacteria,Enterobacterales,Enterobacteriaceae,Escherichia/Shigella,NA
Bacteria.Proteobacteria.Gammaproteobacteria.Enterobacterales.Enterobacteriaceae.Klebsiella.NA,Bacteria,Proteobacteria,Gammaproteobacteria,Enterobacterales,Enterobacteriaceae,Klebsiella,NA
Bacteria.Proteobacteria.Gammaproteobacteria.Enterobacterales.Enterobacteriaceae.Klebsiella.pneumoniae,Bacteria,Proteobacteria,Gammaproteobacteria,Enterobacterales,Enterobacteriaceae,Klebsiella,pneumoniae
Bacteria.Proteobacteria.Gammaproteobacteria.Enterobacterales.Enterobacteriaceae.Kosakonia.NA,Bacteria,Proteobacteria,Gammaproteobacteria,Enterobacterales,Enterobacteriaceae,Kosakonia,NA
Bacteria.Proteobacteria.Gammaproteobacteria.Enterobacterales.Enterobacteriaceae.Lelliottia.NA,Bacteria,Proteobacteria,Gammaproteobacteria,Enterobacterales,Enterobacteriaceae,Lelliottia,NA
Bacteria.Proteobacteria.Gammaproteobacteria.Enterobacterales.Enterobacteriaceae.NA.NA,Bacteria,Proteobacteria,Gammaproteobacteria,Enterobacterales,Enterobacteriaceae,NA,NA
Bacteria.Proteobacteria.Gammaproteobacteria.Enterobacterales.Enterobacteriaceae.Pluralibacter.NA,Bacteria,Proteobacteria,Gammaproteobacteria,Enterobacterales,Enterobacteriaceae,Pluralibacter,NA
Bacteria.Proteobacteria.Gammaproteobacteria.Enterobacterales.Enterobacteriaceae.Pseudocitrobacter.NA,Bacteria,Proteobacteria,Gammaproteobacteria,Enterobacterales,Enterobacteriaceae,Pseudocitrobacter,NA
Bacteria.Proteobacteria.Gammaproteobacteria.Enterobacterales.Enterobacteriaceae.Raoultella.NA,Bacteria,Proteobacteria,Gammaproteobacteria,Enterobacterales,Enterobacteriaceae,Raoultella,NA
Bacteria.Proteobacteria.Gammaproteobacteria.Enterobacterales.Enterobacteriaceae.Salmonella.NA,Bacteria,Proteobacteria,Gammaproteobacteria,Enterobacterales,Enterobacteriaceae,Salmonella,NA
Bacteria.Proteobacteria.Gammaproteobacteria.Enterobacterales.Enterobacteriaceae.Shimwellia.NA,Bacteria,Proteobacteria,Gammaproteobacteria,Enterobacterales,Enterobacteriaceae,Shimwellia,NA
Bacteria.Proteobacteria.Gammaproteobacteria.Enterobacterales.Erwiniaceae.NA.NA,Bacteria,Proteobacteria,Gammaproteobacteria,Enterobacterales,Erwiniaceae,NA,NA
Bacteria.Proteobacteria.Gammaproteobacteria.Enterobacterales.Hafniaceae.Hafnia-Obesumbacterium.NA,Bacteria,Proteobacteria,Gammaproteobacteria,Enterobacterales,Hafniaceae,Hafnia-Obesumbacterium,NA
Bacteria.Proteobacteria.Gammaproteobacteria.Enterobacterales.Morganellaceae.Proteus.NA,Bacteria,Proteobacteria,Gammaproteobacteria,Enterobacterales,Morganellaceae,Proteus,NA
Bacteria.Proteobacteria.Gammaproteobacteria.Enterobacterales.NA.NA.NA,Bacteria,Proteobacteria,Gammaproteobacteria,Enterobacterales,NA,NA,NA
Bacteria.Proteobacteria.Gammaproteobacteria.Enterobacterales.Yersiniaceae.Serratia.NA,Bacteria,Proteobacteria,Gammaproteobacteria,Enterobacterales,Yersiniaceae,Serratia,NA
Bacteria.Proteobacteria.Gammaproteobacteria.NA.NA.NA.NA,Bacteria,Proteobacteria,Gammaproteobacteria,NA,NA,NA,NA
Bacteria.Proteobacteria.Gammaproteobacteria.Pasteurellales.Pasteurellaceae.Haemophilus.NA,Bacteria,Proteobacteria,Gammaproteobacteria,Pasteurellales,Pasteurellaceae,Haemophilus,NA
Bacteria.Proteobacteria.Gammaproteobacteria.Pasteurellales.Pasteurellaceae.Haemophilus.parainfluenzae,Bacteria,Proteobacteria,Gammaproteobacteria,Pasteurellales,Pasteurellaceae,Haemophilus,parainfluenzae
Bacteria.Proteobacteria.Gammaproteobacteria.Pasteurellales.Pasteurellaceae.Haemophilus.sputorum,Bacteria,Proteobacteria,Gammaproteobacteria,Pasteurellales,Pasteurellaceae,Haemophilus,sputorum
Bacteria.Proteobacteria.Gammaproteobacteria.Pasteurellales.Pasteurellaceae.NA.NA,Bacteria,Proteobacteria,Gammaproteobacteria,Pasteurellales,Pasteurellaceae,NA,NA
Bacteria.Proteobacteria.Gammaproteobacteria.Pseudomonadales.Moraxellaceae.Acinetobacter.NA,Bacteria,Proteobacteria,Gammaproteobacteria,Pseudomonadales,Moraxellaceae,Acinetobacter,NA
Bacteria.Proteobacteria.Gammaproteobacteria.Pseudomonadales.Moraxellaceae.Acinetobacter.ursingii,Bacteria,Proteobacteria,Gammaproteobacteria,Pseudomonadales,Moraxellaceae,Acinetobacter,ursingii
Bacteria.Proteobacteria.Gammaproteobacteria.Pseudomonadales.Pseudomonadaceae.Pseudomonas.NA,Bacteria,Proteobacteria,Gammaproteobacteria,Pseudomonadales,Pseudomonadaceae,Pseudomonas,NA
Bacteria.Proteobacteria.Gammaproteobacteria.Xanthomonadales.Xanthomonadaceae.Pseudoxanthomonas.NA,Bacteria,Proteobacteria,Gammaproteobacteria,Xanthomonadales,Xanthomonadaceae,Pseudoxanthomonas,NA
Bacteria.Proteobacteria.Gammaproteobacteria.Xanthomonadales.Xanthomonadaceae.Stenotrophomonas.maltophilia,Bacteria,Proteobacteria,Gammaproteobacteria,Xanthomonadales,Xanthomonadaceae,Stenotrophomonas,maltophilia
Bacteria.Proteobacteria.Gammaproteobacteria.Xanthomonadales.Xanthomonadaceae.Stenotrophomonas.NA,Bacteria,Proteobacteria,Gammaproteobacteria,Xanthomonadales,Xanthomonadaceae,Stenotrophomonas,NA
Bacteria.Proteobacteria.NA.NA.NA.NA.NA,Bacteria,Proteobacteria,NA,NA,NA,NA,NA
Bacteria.Spirochaetota.Spirochaetia.Spirochaetales.Spirochaetaceae.Treponema.NA,Bacteria,Spirochaetota,Spirochaetia,Spirochaetales,Spirochaetaceae,Treponema,NA
Bacteria.Synergistota.Synergistia.Synergistales.Synergistaceae.Cloacibacillus.evryensis,Bacteria,Synergistota,Synergistia,Synergistales,Synergistaceae,Cloacibacillus,evryensis
Bacteria.Verrucomicrobiota.Verrucomicrobiae.Verrucomicrobiales.Akkermansiaceae.Akkermansia.muciniphila,Bacteria,Verrucomicrobiota,Verrucomicrobiae,Verrucomicrobiales,Akkermansiaceae,Akkermansia,muciniphila
Eukaryota.Euglenozoa.Euglenida.Aphagea.NA.NA.NA,Eukaryota,Euglenozoa,Euglenida,Aphagea,NA,NA,NA
Eukaryota.NA.NA.NA.NA.NA.NA,Eukaryota,NA,NA,NA,NA,NA,NA
NA.NA.NA.NA.NA.NA.NA,NA,NA,NA,NA,NA,NA,NA